rank,spotify_id,track_name,artists,search_query
1,5aIVCx5tnk0ntmdiinnYvw,Water,Tyla,Tyla Water
2,7aVBqiVYeTIgbu9o6IFT4q,Feel Nice,DJ Boat; Ghetto Boy,DJ Boat Ghetto Boy Feel Nice
3,13VXuHw3O8Yt7VwRIDqSo4,MMS,Asake; Wizkid,Asake Wizkid MMS
4,1k51Q6GFWBbsaWlBB2gnzo,Gimme Dat (feat. Wizkid),Ayra Starr; Wizkid,Ayra Starr Wizkid Gimme Dat (feat. Wizkid)
5,6oOQSvqz8JL9hUTdXQiNEo,Rahman Jago,DJ Boat; Alorman,DJ Boat Alorman Rahman Jago
6,6vFtGl6zGGz3eqD6wEF9T2,Knocking,DJ Boat; Richie Benson,DJ Boat Richie Benson Knocking
7,5GyaXqMfcIGHfmTUITFacS,With You (feat. Omah Lay),Davido; Omah Lay,Davido Omah Lay With You (feat. Omah Lay)
8,3qS4spuVywoeh9uGIpRuQh,Bout U,Rema,Rema Bout U
9,6NOrpcicPUh2eaj8bAD44u,Baby (Is it a Crime),Rema,Rema Baby (Is it a Crime)
10,2kaH2Z8ezDUKf6fNw250rZ,UNAVAILABLE (feat. Musa Keys),Davido; Musa Keys,Davido Musa Keys UNAVAILABLE (feat. Musa Keys)
11,1Cbl3Yq8rHo7hhDQmLQagU,PUSH 2 START,Tyla,Tyla PUSH 2 START
12,2j8n2hpZlEMvtrjJ7n0ZIy,Bad Girl (feat. Asake),Wizkid; Asake,Wizkid Asake Bad Girl (feat. Asake)
13,7LZkMeX1k8PXQJ0SVYn1A5,Funds (feat. ODUMODUBLVCK & Chike),Davido; ODUMODUBLVCK; Chike,Davido ODUMODUBLVCK Chike Funds (feat. ODUMODUBLVCK & Chike)
14,5hVjoL3sHepZROri63wBxP,It's Plenty,Burna Boy,Burna Boy It's Plenty
15,4DREBgUie15tAPq9KQqe2c,Laho II,Shallipopi; Burna Boy,Shallipopi Burna Boy Laho II
16,1wADwLSkYhrSmy4vdy6BRn,soso,Omah Lay,Omah Lay soso
17,7mdvPu1ZAOIgMzr3sfpAqk,My Darling,Chella,Chella My Darling
18,3w0eFAME3IxlonearUIaXJ,Ewo,Famous Pluto; Shallipopi; Zerrydl,Famous Pluto Shallipopi Zerrydl Ewo
19,2YNLzBRGyCAzHEGPO3J2Sb,Moving,Omah Lay,Omah Lay Moving
20,25Kyv5SeEenT0EETpP2hYn,Soweto (with Don Toliver, Rema and Tempoe),Victony; Rema; Tempoe; Don Toliver,Victony Rema Tempoe Don Toliver Soweto (with Don Toliver; Rema and Tempoe)
21,2WigMwGJysIh9fRnSJvpjn,KU LO SA - A COLORS SHOW,Oxlade,Oxlade KU LO SA - A COLORS SHOW
22,5YbPxJwPfrj7uswNwoF1pJ,Last Last,Burna Boy,Burna Boy Last Last
23,5Ub2eXiU36Sn5yfCAPca5I,Wrong Places,Joshua Baraka,Joshua Baraka Wrong Places
24,1whAXVGN8AdfrnoXNIXfJf,Truth or Dare,Tyla,Tyla Truth or Dare
25,7iCvoWlfuJ1y7zibnh1EW9,TaTaTa (feat. Travis Scott),Burna Boy; Travis Scott,Burna Boy Travis Scott TaTaTa (feat. Travis Scott)
26,3baPniPXS0iEII8rDUJdYP,Monalisa,Lojay; Sarz; Chris Brown,Lojay Sarz Chris Brown Monalisa
27,47hsUYxvbTlBAN3sP9dEOd,Love Me JeJe,Tems,Tems Love Me JeJe
28,2gtg4jTNUqC4akFqWZZXcV,Bundle By Bundle,Burna Boy,Burna Boy Bundle By Bundle
29,6e0YUaVAfDxUabmybOjguy,Awuke,Davido; YG Marley,Davido YG Marley Awuke
30,4GXW3Ne1jzdORKHvHjK31V,Commas,Ayra Starr,Ayra Starr Commas
31,4uLBwGnr1U3ctcDZrnVEgK,WHY LOVE,Asake,Asake WHY LOVE
32,6XpEm7VJ7TZxZTawH8BCSW,Jump,Tyla; Gunna; Skillibeng,Tyla Gunna Skillibeng Jump
33,0zVk3uuV9UhxAt48F3OL12,Holy Ghost,Omah Lay,Omah Lay Holy Ghost
34,7KxF2PRMI5LtQVLTQVFJJZ,Pepper,DJ Boat; Ghetto Boy; Afrisounds,DJ Boat Ghetto Boy Afrisounds Pepper
35,2iCI6gHilTbSiD8a138KMU,Che Che (feat. Asake),Young Jonn; Asake,Young Jonn Asake Che Che (feat. Asake)
36,1rrqJ9QkOBYJlsZgqqwxgB,Rush,Ayra Starr,Ayra Starr Rush
37,1A1ifX8sWzelNpkL5PxcHT,Last Heartbreak Song (feat. Giveon),Ayra Starr; GIVĒON,Ayra Starr GIVĒON Last Heartbreak Song (feat. Giveon)
38,0UKX2OlSnobdX77f0Y1jok,Kai!,Olamide; Wizkid,Olamide Wizkid Kai!
39,1ZedegcFMjMTyIngsQbXjb,Update,Burna Boy,Burna Boy Update
40,0u2A4QNAMUyfQbgfVR3HvK,Cough (Odo),Kizz Daniel; EMPIRE,Kizz Daniel EMPIRE Cough (Odo)
41,0PL6nMizDHRnXNWZ3hO0c9,What You Like,Michael Meka; DJ Boat; Emxbeatz,Michael Meka DJ Boat Emxbeatz What You Like
42,5ZtK8XAVnoaGdBXZWCEVCY,Lonely At The Top,Asake,Asake Lonely At The Top
43,3FskQrDXcY24ur2fCvz35O,Ye,Burna Boy,Burna Boy Ye
44,6rOqLUy3kp0PVQQEtNPpbQ,Happiness (feat. Asake & Gunna),Sarz; Asake; Gunna,Sarz Asake Gunna Happiness (feat. Asake & Gunna)
45,7msfmSm4KbVnIds5DvsGzT,Joy is Coming,Fido,Fido Joy is Coming
46,27durTCg4qj3qAbKsSVNX4,Kese (Dance),Wizkid,Wizkid Kese (Dance)
47,2ypJczNpROoMFYTN5vcv9g,Sweet Gurl,H-Money; Ne-Yo; Rotimi,H-Money Ne-Yo Rotimi Sweet Gurl
48,5CTQCPv51aLWpwTbqo8mEL,Bandana,Fireboy DML; Asake,Fireboy DML Asake Bandana
49,6XM53PbvlzhuNtJZtpl7RP,In My Bed,Rotimi; Wale,Rotimi Wale In My Bed
50,0QCIpQV3twfqo9kh0t8Zza,Shake It To The Max (FLY) - Remix,MOLIY; Silent Addy; Skillibeng; Shenseea,MOLIY Silent Addy Skillibeng Shenseea Shake It To The Max (FLY) - Remix
51,0HaRLPnr887lcQM2YQzkff,For My Hand (feat. Ed Sheeran),Burna Boy; Ed Sheeran,Burna Boy Ed Sheeran For My Hand (feat. Ed Sheeran)
52,5tpft20jhQvRlG3O7XfwWy,Mnike (feat. DJ Maphorisa, Nandipha808, Ceeka RSA & Tyron Dee),Tyler ICU; Tumelo_za; DJ Maphorisa; Nandipha808; Ceeka RSA; Tyrone Dee,Tyler ICU Tumelo_za DJ Maphorisa Nandipha808 Ceeka RSA Tyrone Dee Mnike (feat. DJ Maphorisa; Nandipha808; Ceeka RSA & Tyron Dee)
53,4otA4JHWkokv4qAj1Pp2U5,Money Moves,Fido,Fido Money Moves
54,5hohPxxNfGRbW0PG2R0mhd,Be There Still,Davido,Davido Be There Still
55,7yKjDDd9w01nFEOD5adoHq,Do I - Remix,Phyno; Burna Boy,Phyno Burna Boy Do I - Remix
56,4nFrcGM7MY1mpoQCC7Kefj,Me & U,Tems,Tems Me & U
57,6HTjqv0AsiZ34fOMcGCbSX,Bad Vibes (feat. Seyi Vibez),Ayra Starr; Seyi Vibez,Ayra Starr Seyi Vibez Bad Vibes (feat. Seyi Vibez)
58,1IMRi5UVOV77PsAgdWDvzh,Egwu,Chike; Mohbad,Chike Mohbad Egwu
59,10TygH7MoyZQFRMPDE2N6Z,Romeo Must Die (RMD),Ruger; BNXN,Ruger BNXN Romeo Must Die (RMD)
60,1D1M805zV8DwhYXsvJdQZx,Burning,Tems,Tems Burning
61,771KDfpsOtJPQmocQpMdkR,Fi Kan We Kan,BNXN; Rema,BNXN Rema Fi Kan We Kan
62,4ou5xyFUJX4VwX76tw1qb1,Fall,Davido,Davido Fall
63,0WtM2NBVQNNJLh6scP13H8,Calm Down (with Selena Gomez),Rema; Selena Gomez,Rema Selena Gomez Calm Down (with Selena Gomez)
64,4RoKNqyZ9622tcAeNPNv5k,City Boys,Burna Boy,Burna Boy City Boys
65,4FwFYYUzsA3YN2cNeVtdgg,Blessings,DJ Boat; Vudumane,DJ Boat Vudumane Blessings
66,0pHeUkxz9WffSOZnoKW1qc,Gyae Me,DJ Boat; Supa Gaeta; Medikal,DJ Boat Supa Gaeta Medikal Gyae Me
67,0CwJSnVuQ05wuqYMZvAVGb,You Bad,Emxbeatz; DJ Boat,Emxbeatz DJ Boat You Bad
68,3BRna1YDKLEtiEiJ0ArbSA,Offa Me (feat. Victoria Monét),Davido; Victoria Monét,Davido Victoria Monét Offa Me (feat. Victoria Monét)
69,6cyXHTix4NQ069gKJEYv41,Tshwala Bam (feat. S.N.E),TitoM; Yuppe; Burna Boy; S.N.E,TitoM Yuppe Burna Boy S.N.E Tshwala Bam (feat. S.N.E)
70,0hW02S9ACVYANz1ica10jH,Love Don't Cost A Dime (Re-Up),Magixx; Ayra Starr,Magixx Ayra Starr Love Don't Cost A Dime (Re-Up)
71,5rFZHAhav5kGsSAKtQHRHq,Most Wanted,Zinoleesky,Zinoleesky Most Wanted
72,26b3oVLrRUaaybJulow9kz,People,Libianca,Libianca People
73,1mk8ZC9OeTZMr8Wy31LqRj,FEEL,Davido,Davido FEEL
74,4lVEVXrlQlXPdYWMGTwrFe,Overloading (OVERDOSE),Mavins; Crayon; Ayra Starr; LADIPOE; Magixx; Boy Spyce,Mavins Crayon Ayra Starr LADIPOE Magixx Boy Spyce Overloading (OVERDOSE)
75,5GkkuEEPtYguzhTdCpS8Ab,99 (feat. Daecolm),Olamide; Seyi Vibez; Asake; Young Jonn; Daecolm,Olamide Seyi Vibez Asake Young Jonn Daecolm 99 (feat. Daecolm)
76,1iBWjQ9af9NnUd5xnQDB3k,Charm,Rema,Rema Charm
77,2yskKhqtDAHJ73obmJh8tf,everyday,Fireboy DML,Fireboy DML everyday
78,7ErtOGQ9DwyQa3lwP77j4u,Asiwaju,Ruger,Ruger Asiwaju
79,2nPAyl10PdXNMqqvXycOJD,Okirika,Loti; taves,Loti taves Okirika
80,4Gasn91fsCefnN8zM5GjA8,Finesse,Pheelz; BNXN,Pheelz BNXN Finesse
81,2nYeyMeqYDiFSYYtl2BWD6,Piece of My Heart (feat. Brent Faiyaz),Wizkid; Brent Faiyaz,Wizkid Brent Faiyaz Piece of My Heart (feat. Brent Faiyaz)
82,4tr4oHjFijp0EgISHYDIXe,Sip (Alcohol),Joeboy,Joeboy Sip (Alcohol)
83,1W8gIJp8h0DbYRJOEg7I5m,Detty December,Kwaysi; DJ Boat,Kwaysi DJ Boat Detty December
84,58GA6ogxMNO5aEGnW9fbly,Woza,1da Banton,1da Banton Woza
85,4gvrJnKCKIPiacNsWVQwEU,love nwantiti (feat. Dj Yo! & AX'EL) - Remix,CKay; Dj Yo!; AX'EL,CKay Dj Yo! AX'EL love nwantiti (feat. Dj Yo! & AX'EL) - Remix
86,1Ad8oEhaNWDe5shUeZYlYH,City Boys,Burna Boy,Burna Boy City Boys
87,4AxG1T6UJJ4xCX4Wz6JDLG,People (feat. Ayra Starr & Omah Lay),Libianca; Ayra Starr; Omah Lay,Libianca Ayra Starr Omah Lay People (feat. Ayra Starr & Omah Lay)
88,0D6XSXGNj5CTGQQzKQKQQ2,Wickedest,Tems,Tems Wickedest
89,5c549LWiKCWGvcDsZwMN6v,Soundgasm,Rema,Rema Soundgasm
90,7M4FgT5jAGUuVehEt8T0RR,One Two Step,DJ Boat; Dr. Chaii; Kansah,DJ Boat Dr. Chaii Kansah One Two Step
91,6oOCGD2Sp9UTcDsuDz8Hdu,understand,Omah Lay,Omah Lay understand
92,1YgIvHDTvi1vosins1jyAC,Amapiano,Asake; Olamide,Asake Olamide Amapiano
93,2TOk5OzW5sL83ndKYZJmU7,Active,Asake; Travis Scott,Asake Travis Scott Active
94,1rHPk2p3MQTh2wloo3P9zE,Perfect Combi,King Promise; Gabzy,King Promise Gabzy Perfect Combi
95,3ZR7IlqBPK8TrJyZYfFX9L,who does that? (feat. Bella Shmurda),FOLA; Bella Shmurda,FOLA Bella Shmurda who does that? (feat. Bella Shmurda)
96,1DA2ADZs6O28y2rmdmpekw,2 Sugar (feat. Ayra Starr),Wizkid; Ayra Starr,Wizkid Ayra Starr 2 Sugar (feat. Ayra Starr)
97,3aGroTtXwkWJ7wOwKEI8Px,Who Is Your Guy? - Remix,Spyro; Tiwa Savage,Spyro Tiwa Savage Who Is Your Guy? - Remix
98,4eZZofkV1OQ9GDqAgHqNpA,Buga (Lo Lo Lo),Kizz Daniel; Tekno,Kizz Daniel Tekno Buga (Lo Lo Lo)
99,1oq33HJBs0rDmjjZ2rVFyG,Terminator,King Promise,King Promise Terminator
100,7ySC0IjVS1PMEdsZOvsUK2,OZEBA,Rema,Rema OZEBA
101,1LRGZESVn8eF7WVY5DzLNy,Ta Ta Ta (with Jason Derulo),Bayanni; Jason Derulo,Bayanni Jason Derulo Ta Ta Ta (with Jason Derulo)
102,0YfgKt9WlVCXPEx0HGvrds,Obimo,Adekunle Gold,Adekunle Gold Obimo
103,65cRt4uGMzo51AzXqptVsX,Billionaires Club,Olamide; Wizkid; Darkoo,Olamide Wizkid Darkoo Billionaires Club
104,05lhFsOWPXRjfGA7xY7XJz,Pressure,Seyi Vibez,Seyi Vibez Pressure
105,2pNjk1fIZTMtj8ry6SdEmB,Venus,Faceless; Serøtonin,Faceless Serøtonin Venus
106,4sm7xhaW2PT4iLuTtXaKa1,99 (feat. Daecolm),Olamide; Seyi Vibez; Asake; Young Jonn; Daecolm,Olamide Seyi Vibez Asake Young Jonn Daecolm 99 (feat. Daecolm)
107,6z5y2kdxF4XrEVRFVqdGVL,Asiwaju,Ruger,Ruger Asiwaju
108,0mCxHKr5bp05PMdD7jU4rW,Al-Jannah,Kizz Daniel; ODUMODUBLVCK; Bella Shmurda,Kizz Daniel ODUMODUBLVCK Bella Shmurda Al-Jannah
109,52ZxqHSe1HesJPwuuBiW4U,MARIO KART,Seyi Vibez,Seyi Vibez MARIO KART
110,00uXDC6A3RK2HJlTK6h0Ak,Luvaluvah,Olamide,Olamide Luvaluvah
111,4XHrQHvHWlE0RldeG8Nslq,Na Scra,Famous Pluto,Famous Pluto Na Scra
112,2qWwuCVeMjF9mUT0S5Iqvl,Bandana,Fireboy DML; Asake,Fireboy DML Asake Bandana
113,6n6J0mZb0ltWlt2AqobHVd,Black Girl Magic,Kizz Daniel,Kizz Daniel Black Girl Magic
114,47r4tUxUEOiDICuhfkIFKl,All The Love,Ayra Starr,Ayra Starr All The Love
115,2AKS1HhpLu2rgkojECUm3V,Playboy,Fireboy DML,Fireboy DML Playboy
116,1qxKva4IzWde7m2jLpZvDU,Active,Asake; Travis Scott,Asake Travis Scott Active
117,2GZNKi3rgaT1ZKpkKDkA0Y,Bend,Wizkid,Wizkid Bend
118,5HM5trJxTouv3eUVcbW8sh,Sensational (feat. Davido & Lojay),Chris Brown; Davido; Lojay,Chris Brown Davido Lojay Sensational (feat. Davido & Lojay)
119,03VSnJoeuY3BtyuZ8RSSF4,everyday,Fireboy DML,Fireboy DML everyday
120,25KjMlA0KAwRKS9JuT1NSq,Suru (feat. Stormzy),Asake; Stormzy,Asake Stormzy Suru (feat. Stormzy)
121,1s7oOCT8vauUh01PbJD6ps,Calm Down (with Selena Gomez),Rema; Selena Gomez,Rema Selena Gomez Calm Down (with Selena Gomez)
122,4vb777iaycnlFxVkJMmtfd,Peru,Fireboy DML; Ed Sheeran,Fireboy DML Ed Sheeran Peru
123,3H2bLX6U4kNuv04iTkCrSp,HAUSAPIANO - Remix,Kvng Vinci; Zerrydl,Kvng Vinci Zerrydl HAUSAPIANO - Remix
124,5VceXjXeBMGOHC04rjpyC7,4 Kampé II,Joé Dwèt Filé; Burna Boy,Joé Dwèt Filé Burna Boy 4 Kampé II
125,3rmqNsOiGqqvFNTmGlzl4R,Ta Ta Ta,Bayanni,Bayanni Ta Ta Ta
126,6tgEc2O1uFHcZDKPoo6PC8,ALREADY,Beyoncé; Shatta Wale; Major Lazer,Beyoncé Shatta Wale Major Lazer ALREADY
127,2QcTf5lLMrrWTiElDInpTb,I love you,Dadju; Tayc,Dadju Tayc I love you
128,3raxjPdY70b4a9ks1Bd0mz,Get it Right (feat. Asake),Tems; Asake,Tems Asake Get it Right (feat. Asake)
129,06QUZaXSOtwRNH1ZB20JgX,STEADILY,Mack H.D; CHUMA,Mack H.D CHUMA STEADILY
130,7fA7mrYaXVDVVGCAV65NRN,Higher,Burna Boy,Burna Boy Higher
131,0Em4eY10PGyiBlmjWxcav3,Party No Dey Stop,Adekunle Gold; Zinoleesky,Adekunle Gold Zinoleesky Party No Dey Stop
132,1QkUnVCGx3ghx0WG8XO4J7,Jay Jay,Ruger,Ruger Jay Jay
133,1RMEvuPu0Lq5GzBedlzEdA,Whine,Asake; LUDMILLA,Asake LUDMILLA Whine
134,3mARtPEP8hi1LzMctEwVN4,Tony Montana,Skepta; Portable; JAE5,Skepta Portable JAE5 Tony Montana
135,5tM3Fo4qBqDAwWJ9ZY5AtX,yawa,Fireboy DML,Fireboy DML yawa
136,6JvWMLscnWYkgX1zPufIGT,Kese (Dance),Wizkid,Wizkid Kese (Dance)
137,7vKXc90NT5WBm3UTT4iTVG,KANTE (feat. Fave),Davido; FAVE,Davido FAVE KANTE (feat. Fave)
138,5ITV0zqzjOYfFWpW0xBmRa,Show Me Love,WizTheMc; bees & honey,WizTheMc bees & honey Show Me Love
139,4zqRu31aWCiHeYMw9GptOO,Everything,Victony,Victony Everything
140,3z4CGd63tpUn9a6oQSG0CI,Location (feat. Burna Boy),Dave; Burna Boy,Dave Burna Boy Location (feat. Burna Boy)
141,4MzOppXoeKvDsVaNMeOK3C,Girlfriend,Ruger,Ruger Girlfriend
142,54HwZc6fEmR5EnjRT4oBq5,Very Soon,BNXN; FOLA,BNXN FOLA Very Soon
143,4UeTcl6NfFc85bZyuaB6BX,No Yawa,Eli Jae,Eli Jae No Yawa
144,20l4NPs2c9OBKBKUKRjxIy,Chandelier,Monaky,Monaky Chandelier
145,1xFkc8KXwVk1FoG5xhcU3H,See Me See God (SMSG),Barry Jhay,Barry Jhay See Me See God (SMSG)
146,4xVj25uTjTZCaHbSFbYwAE,Hey Jago,Poco Lee; Shoday; Rahman Jago,Poco Lee Shoday Rahman Jago Hey Jago
147,1pheB3ku1OKy80SaB8VXqG,Cough Syrup,BNXN; Victony,BNXN Victony Cough Syrup
148,5mhM7bfzv52bzfCzlq8vH1,Ngozi,Crayon; Ayra Starr,Crayon Ayra Starr Ngozi
149,2i5PqDEsME85JezRrq6BJy,Oshimiri,Ayo Maff; BNXN,Ayo Maff BNXN Oshimiri
150,5xZ4y9EgfmpogFKf1607lP,Titanium (feat. Chris Brown),Davido; Chris Brown,Davido Chris Brown Titanium (feat. Chris Brown)
151,2psl5iNJCrmmm2XtS7LZqb,Soundgasm,Rema,Rema Soundgasm
152,12jJRu9yInIX7oTxoXtM0S,Lomo Lomo,KiDi; Black Sherif,KiDi Black Sherif Lomo Lomo
153,4gNOP9BGhyl2apkm8Xy7Eg,FLAKO,Wizard Chan; ODUMODUBLVCK,Wizard Chan ODUMODUBLVCK FLAKO
154,7vAXxDFUHDPxWzSujxb8jB,Goodbye (Warm Up)(feat. Asake),Ayra Starr; Asake,Ayra Starr Asake Goodbye (Warm Up)(feat. Asake)
155,2v7r3nItoWRbCQBS1qFQnD,Trenches Luv,T.I BLAZE,T.I BLAZE Trenches Luv
156,05A6mr7C2bP7uPrEQrj9qk,Tested, Approved & Trusted,Burna Boy,Burna Boy Tested; Approved & Trusted
157,6HGL76EoYOTR2ETqucHxPA,You4Me,Tiwa Savage,Tiwa Savage You4Me
158,5yyVAz3WD6L6143oGfQ3AT,Free of Charge,Joeboy; Olamide,Joeboy Olamide Free of Charge
159,78JnyPSDt67KvELlYdQvcw,Verily,Bella Shmurda,Bella Shmurda Verily
160,3varTiHGif7hoPSflFz0pQ,Paris,King Promise,King Promise Paris
161,5wKKqwuoee1M9jhFcRpS1D,My Dealer (Remix),KAESTYLE; Kizz Daniel,KAESTYLE Kizz Daniel My Dealer (Remix)
162,4pJ4RHdtx4XNcF7ktQnG53,Gold,J Hus; Asake,J Hus Asake Gold
163,1edi2KPh2oghMy8ExJiFBN,Can't Breathe,Llona,Llona Can't Breathe
164,3cC17ZyEHU4ljycyCaWbbr,understand,Omah Lay,Omah Lay understand
165,0SjQBdIddPvKSWxr8vk6QX,Dumebi,Rema,Rema Dumebi
166,6l7opVclJEHReImCPkMc5o,Stubborn,Victony; Asake,Victony Asake Stubborn
167,4NyIA6tMmqXbAZ0v8F3clZ,Magdalene,Joeboy,Joeboy Magdalene
168,2GSK9VfsKWpVOV6ZzKiMA4,alone - Remix,FOLA; BNXN,FOLA BNXN alone - Remix
169,3Xfwu3xtPqmJ4nM4jpBm8O,Damages,Tems,Tems Damages
170,40EXFgNMOIQRQOwJZ8mJkC,Who Told You (feat. Drake),J Hus; Drake,J Hus Drake Who Told You (feat. Drake)
171,4P5F6K63Y8pWe86aaH5xSa,Blessings (Let it go),1UCID,1UCID Blessings (Let it go)
172,6O2hrfRRPBJ59PwKhSKFHz,Ogechi (feat. Davido) - Remix,BoyPee; Hyce; Brown Joel; Davido,BoyPee Hyce Brown Joel Davido Ogechi (feat. Davido) - Remix
173,7jDMQi5XZooBgF5i7m3DBo,Phenomena,BNXN,BNXN Phenomena
174,4FHlbOMdOcPnOYmfH8dl1Z,Dem Dey,Burna Boy,Burna Boy Dem Dey
175,2m8yLRwDDjKh3CWSTLqEdN,Do Me,Runtown,Runtown Do Me
176,4E8EciYYzTKF4REO51XQiS,DND,Rema,Rema DND
177,6b56cSwwp8JXDQiZ4dXkBf,Dudu,Ruger; Kranium,Ruger Kranium Dudu
178,6wN5G9LhuljafQRHzb4K6s,Vex For U (feat. Fireboy DML & Ayo Maff),Lil Kesh; Fireboy DML; Ayo Maff,Lil Kesh Fireboy DML Ayo Maff Vex For U (feat. Fireboy DML & Ayo Maff)
179,3x11dxRSmvNxq46e5IhNCO,yawa,Fireboy DML,Fireboy DML yawa
180,1rDAxzBd3KhzIAZyTZylmX,Joy Is Coming,Fido,Fido Joy Is Coming
181,5FG7Tl93LdH117jEKYl3Cm,Essence (feat. Tems),Wizkid; Tems,Wizkid Tems Essence (feat. Tems)
182,2OjTITI1CrRiIiqiNj9KOu,Sensational (feat. Davido & Lojay),Chris Brown; Davido; Lojay,Chris Brown Davido Lojay Sensational (feat. Davido & Lojay)
183,1PoJXULCvl03b1fiZmMxmd,On the Low,Burna Boy,Burna Boy On the Low
184,0MHeylwUJh7T87vx1MEtB2,Feel Good,DJ Boat; OmoAkin,DJ Boat OmoAkin Feel Good
185,3QO1m6i0nsrp8aOnapvbkx,Blessed (feat. Damian Marley),Wizkid; Damian Marley,Wizkid Damian Marley Blessed (feat. Damian Marley)
186,6jdTkoEaer7XNGSblczoSu,Mood (feat. BNXN),Wizkid; BNXN,Wizkid BNXN Mood (feat. BNXN)
187,1mSdbey7RstGLY2udgXv74,Essence (feat. Justin Bieber & Tems),Wizkid; Justin Bieber; Tems,Wizkid Justin Bieber Tems Essence (feat. Justin Bieber & Tems)
188,3GMdp6clyAh7wZWVYOtoS9,Amapiano,Asake; Olamide,Asake Olamide Amapiano
189,3JozQbIWMHBTKIghXKehVy,Commas,Ayra Starr,Ayra Starr Commas
190,50PNIHqtEaaY48K7WWxG9L,Peru,Fireboy DML; Ed Sheeran,Fireboy DML Ed Sheeran Peru
191,7arCRGABaKdEFvGa3gCM9d,Baddies,Aya Nakamura; Joé Dwèt Filé,Aya Nakamura Joé Dwèt Filé Baddies
192,0ApflIvLLPwEZuS36WYlh6,Sugarcane - Remix,Camidoh; Mayorkun; Darkoo; King Promise,Camidoh Mayorkun Darkoo King Promise Sugarcane - Remix
193,1xs8bOvm3IzEYmcLJVOc34,Rush,Ayra Starr,Ayra Starr Rush
194,2bBaAOsFVQfKwMAe4wVQb6,On and On,Tyla,Tyla On and On
195,59BXqiS3Bee0Cx7gjpuJBJ,Shoulder,Medikal; Shatta Wale; Beeztrap KOTM,Medikal Shatta Wale Beeztrap KOTM Shoulder
196,44G2gUVQvNNZ6w3i05tR4n,Sensational (feat. Davido & Lojay),Chris Brown; Davido; Lojay,Chris Brown Davido Lojay Sensational (feat. Davido & Lojay)
197,1B5I5yqLpVI5EosZS6bJFs,Call Me Every Day (feat. Wizkid),Chris Brown; Wizkid,Chris Brown Wizkid Call Me Every Day (feat. Wizkid)
198,10y7iW3rc8bzGbhAC3mNPA,Are you there?,Ayo Maff,Ayo Maff Are you there?
199,2fhVsI54lSCFyW7sw5WPfR,4 Kampé II,Joé Dwèt Filé; Burna Boy,Joé Dwèt Filé Burna Boy 4 Kampé II
200,2RbqijI8M19oqFsCbHBW1K,Dey Play,Vudumane,Vudumane Dey Play
201,5DttTktPy0RMZPz4UNfFm4,NO COMPETITION (feat. Asake),Davido; Asake,Davido Asake NO COMPETITION (feat. Asake)
202,64DO20MWEgSdkngoUwTl3z,GIFTED,Zinoleesky,Zinoleesky GIFTED
203,7FmHmNJxuPxNxxhoMPga1z,SUIT & TIE,Zinoleesky; Toosii,Zinoleesky Toosii SUIT & TIE
204,5KV5UXd1uNZZafWTudrVft,IDK (feat. Zlatan),Wizkid; Zlatan,Wizkid Zlatan IDK (feat. Zlatan)
205,1n75T4YcMVF247pHqT678d,Follow Her (feat. Kizz Daniel),Blaqbonez; Kizz Daniel,Blaqbonez Kizz Daniel Follow Her (feat. Kizz Daniel)
206,2aksOpB4UibyYykhQAQ3Ne,I Don't Give A Fuck (IDGAF),Supa Gaeta; King Paluta,Supa Gaeta King Paluta I Don't Give A Fuck (IDGAF)
207,5rms2y2xqSB78qahVFuNYE,ON DISPLAY,Savage; BackRoad Gee,Savage BackRoad Gee ON DISPLAY
208,2HYcI74UpbMMxLZ1m7Xnfn,Bad To Me,Wizkid,Wizkid Bad To Me
209,57YamqkskSvudGGOoooOhF,My Darling - Mpenzi Wangu,Chella; Diamond Platnumz,Chella Diamond Platnumz My Darling - Mpenzi Wangu
210,5XSuj4xrbakbDeSQom3oAr,Nairobi,Marioo; Bien,Marioo Bien Nairobi
211,39C3UVMIaU6XOm9iN6fhgg,Smooth Kriminal (with Oxlade),255; Oxlade,255 Oxlade Smooth Kriminal (with Oxlade)
212,2vQJRynClKi21S5CBnFHvj,Taxi Driver,Joeboy,Joeboy Taxi Driver
213,5SxVagJAkX57wOmMARoWD0,Barbie doll,Beatsii,Beatsii Barbie doll
214,6Ir2Zyt5AZnF2RlqXOFblo,Toma Toma,Ruger; Tiwa Savage,Ruger Tiwa Savage Toma Toma
215,0x3sDnom0itB72oEVrRE7v,Ololufe (feat. Wande Coal),Wizkid; Wande Coal,Wizkid Wande Coal Ololufe (feat. Wande Coal)
216,6DP9EqCK1sPqk9v6oOP9Mo,OKAY,Magixx,Magixx OKAY
217,2Xr1dTzJee307rmrkt8c0g,love nwantiti (ah ah ah),CKay,CKay love nwantiti (ah ah ah)
218,2com2d42sFO1QdV6k7XAAu,No Yawa,Princess Wonda,Princess Wonda No Yawa
219,3bNibGN2ah6VEIomniLPP9,1 WORK - Remix,Zhus Jdo; Famous Pluto; Smur Lee,Zhus Jdo Famous Pluto Smur Lee 1 WORK - Remix
220,2q7BfsGmjmUbxn5VkI6QKN,back n forth,Fireboy DML; Lagbaja,Fireboy DML Lagbaja back n forth
221,3UqcIgObI7zZk8e7nvqmfc,Finesse,Pheelz; BNXN,Pheelz BNXN Finesse
222,54y06gXWPYQHxrgJU5CsYb,Ruwa,Jubed,Jubed Ruwa
223,1C4anFssxHmhUTMsMxZcC1,You,Crayon; Young Jonn,Crayon Young Jonn You
224,4XeTlNBpau4kjBDScbgLvv,Dede,Yartti,Yartti Dede
225,1y9DKiy8X0zejal5Avpleb,Arike,Kunmie,Kunmie Arike
226,0EFOT4wLwR4AZBGMTg3Ne3,Sugar,DJ Boat; Dr. Chaii; Bantu,DJ Boat Dr. Chaii Bantu Sugar
227,4s6x56uNiNCAA87yzqTz5G,Sip (Alcohol),Joeboy,Joeboy Sip (Alcohol)
228,3nT2nrfb3FMLg03W4mPaBl,Cough (Odo),Kizz Daniel,Kizz Daniel Cough (Odo)
229,65v99AWZyNz3aRmfrT2I7N,i'm a mess,Omah Lay,Omah Lay i'm a mess
230,18v46nkUTOnJeZJtns4s43,France Feeling,Kokoë; Mamba Sounds,Kokoë Mamba Sounds France Feeling
231,49ytLGEP5S20N3AhB5YuwJ,Party No Dey Stop (with Zinoleesky),Adekunle Gold; Zinoleesky,Adekunle Gold Zinoleesky Party No Dey Stop (with Zinoleesky)
232,1OoPhcM78evXIxjmSzCnmf,Bloody Samaritan,Ayra Starr,Ayra Starr Bloody Samaritan
233,62N0RkCCs4XQXk7hgnpOXo,Woman,Rema,Rema Woman
234,4G11wDzAKuCFqApL4g3ixC,High,Adekunle Gold; Davido,Adekunle Gold Davido High
235,3XloH0C8QYXgbYPmXlxf2x,Ruin,USHER; Pheelz,USHER Pheelz Ruin
236,2dGE7HMvZEjuNxzz4IDLyL,Jagele,Burna Boy,Burna Boy Jagele
237,2dFqK2ZkYB9Xc47gr3xXWl,Replay,Tems,Tems Replay
238,0ve0CavjqrUqVmZ605RhTV,Jump,Tyla; Gunna; Skillibeng,Tyla Gunna Skillibeng Jump
239,3sKBph3ElueH1dVLmkHWZZ,YAYO,Rema,Rema YAYO
240,1zwZ26A7OA5wTrA3FejCLL,Monalisa,Lojay; Sarz,Lojay Sarz Monalisa
241,5V9XFfvCG4WP5ZdISOLvaF,Sability,Ayra Starr,Ayra Starr Sability
242,1MZtr7IH5qtjIkqrXj8WOJ,Essence (feat. Justin Bieber & Tems),Wizkid; Justin Bieber; Tems,Wizkid Justin Bieber Tems Essence (feat. Justin Bieber & Tems)
243,2Iv3GHM3xFKIPbYSnhJAXO,Okay,Adekunle Gold,Adekunle Gold Okay
244,0XQuWhRG7qD7OYHKsgt0BN,If,Davido,Davido If
245,1tOp1bXhT9tvydSAGDHdQy,Stamina,Tiwa Savage; Ayra Starr; Young Jonn,Tiwa Savage Ayra Starr Young Jonn Stamina
246,0lk5tzmaJWVAv5GBvpm3xu,Peru,Fireboy DML,Fireboy DML Peru
247,4E0teOQQQwagLVvQ7VfYm1,Drogba (Joanna),Afro B,Afro B Drogba (Joanna)
248,07eJSSPcNlkR34wVlkrCcY,Dangbana Riddim,Bella Shmurda; FOLA,Bella Shmurda FOLA Dangbana Riddim
249,5ycsqezujKrwviU3VFhci1,Terminator,Asake,Asake Terminator
250,3MldGIMtPcupNBI4Dnxolr,Constantly,Hyce; BoyPee; Brown Joel,Hyce BoyPee Brown Joel Constantly
251,3vuGwx5CP51j6c4xW1qD6y,Show Me Love (with Tyla),WizTheMc; bees & honey; Tyla,WizTheMc bees & honey Tyla Show Me Love (with Tyla)
252,6lZ5p6VTbZ2ZvnsdTlLv7I,emiliana,CKay,CKay emiliana
253,2jZ2MrAk8iNZk1dsI0Vr5z,Cold Outside,Timaya; BNXN,Timaya BNXN Cold Outside
254,0meYsBN0idSQQIZnHxaIDY,No Wahala Dey,1UCID,1UCID No Wahala Dey
255,03YUNUpazIbzwqJq2YSBvB,Kilometre,Burna Boy,Burna Boy Kilometre
256,0BlBcMUDVI68fwwNGulSGM,Luv Again,Ruger,Ruger Luv Again
257,3jWAkZ9nUbGzPDapyrAIw2,Sugarcane - Remix,Camidoh; Mayorkun; Darkoo; King Promise,Camidoh Mayorkun Darkoo King Promise Sugarcane - Remix
258,4vHy2IHzf3EabEa7oMpUZB,No Wahala,1da Banton,1da Banton No Wahala
259,6McBvfxgkVfREmQPwTKBUn,Electricity,Pheelz; Davido,Pheelz Davido Electricity
260,7HmE17lcfpENCJkuurXDvh,Dalie,Kamo Mphela; Tyler ICU; Khalil Harrison; Baby S.O.N,Kamo Mphela Tyler ICU Khalil Harrison Baby S.O.N Dalie
261,3KanRQJTuX9hTRG2rnscYO,KU LO SA,Oxlade,Oxlade KU LO SA
262,57jUCJelGAISFxuea34lrr,Girlfriend,Ruger,Ruger Girlfriend
263,5DS9LiyEdw2zY8bM6kjjgM,Infinity (feat. Omah Lay),Olamide; Omah Lay,Olamide Omah Lay Infinity (feat. Omah Lay)
264,7rpWDu9GPlLxbLorYKVys7,Gbona,Burna Boy,Burna Boy Gbona
265,7AbLGIOzFkx6jHq5en5xiH,Sempe,L.A.X,L.A.X Sempe
266,4k4pdUWX8632g7yByxC3rS,Sungba (feat. Burna Boy) - Remix,Asake; Burna Boy,Asake Burna Boy Sungba (feat. Burna Boy) - Remix
267,3IQT2MM49GkXfHF9eemaw5,Soweto,Victony; Tempoe,Victony Tempoe Soweto
268,5gOtq0sKU24ZF8hnXlSp1V,System (feat. WizKid),Dave; Wizkid,Dave Wizkid System (feat. WizKid)
269,1ZXvWdX8l4j7JLL9kSoiT5,Deodorant,Toofan,Toofan Deodorant
270,1BJJbSX6muJVF2AK7uH1x4,Move,Adam Port; Stryv; Keinemusik; Orso; Malachiii,Adam Port Stryv Keinemusik Orso Malachiii Move
271,3aJF7HsFOwuUAFOaRMQCxR,Butta My Bread,JZyNo; Lasmid,JZyNo Lasmid Butta My Bread
272,1VBoC1tRFA7WI7r2fk9Sis,Fight 4 Love,Dj Hkeem; Kobi Jonz,Dj Hkeem Kobi Jonz Fight 4 Love
273,44SSviC4R1TkAdsyptjDpE,Anybody,Burna Boy,Burna Boy Anybody
274,3ketN3dth18vSJ1T3HIztN,B. D’OR (feat. Wizkid),Burna Boy; Wizkid,Burna Boy Wizkid B. D’OR (feat. Wizkid)
275,7onM6Fbiu7ufnMQnbd5oZJ,Ole (feat. BNXN),Qing Madi; BNXN,Qing Madi BNXN Ole (feat. BNXN)
276,3s4WNh0WnfhwvIlrp6RTBj,ZAAZAA,Frenna; Shallipopi,Frenna Shallipopi ZAAZAA
277,3R2Etej4zzbt8LTs3rvJA1,Fashion Killer,Ayra Starr,Ayra Starr Fashion Killer
278,0dhDx6C4ELMn0uMJpzgfrm,Ladda,Noise Cans; DJ Boat; Kobi Jonz; Korie Minors; Jane Macgizmo,Noise Cans DJ Boat Kobi Jonz Korie Minors Jane Macgizmo Ladda
279,1136eJrkWsDvReASbjLTaU,Awolowo,Fido,Fido Awolowo
280,5SoDaPgXA4C2BuTPPInaV2,Science,Burna Boy,Burna Boy Science
281,6MzjLOHzkqoi7667ysz41k,Koroba,Tiwa Savage,Tiwa Savage Koroba
282,6VX4hVDmDMfClxp6EwDNQP,Bad Vibes (feat. Seyi Vibez),Ayra Starr; Seyi Vibez,Ayra Starr Seyi Vibez Bad Vibes (feat. Seyi Vibez)
283,51mLQ3w7yR7vjdSTFLWaY5,Ginger (feat. Burna Boy),Wizkid; Burna Boy,Wizkid Burna Boy Ginger (feat. Burna Boy)
284,6Qa0wHpaiaIzXgMptP3rxV,Jerusalema (feat. Burna Boy & Nomcebo Zikode) - Remix,Master KG; Nomcebo Zikode; Burna Boy,Master KG Nomcebo Zikode Burna Boy Jerusalema (feat. Burna Boy & Nomcebo Zikode) - Remix
285,32ricrpPgci8zrxFBpLBI6,PITY THIS BOY (with Victony),ODUMODUBLVCK; Victony,ODUMODUBLVCK Victony PITY THIS BOY (with Victony)
286,1lWcw1YdBbYbFzJ9BKyDqc,Go Crazy,Blaqbonez,Blaqbonez Go Crazy
287,6BWgLorAwF17ofyu8361HM,Cast,Shallipopi; ODUMODUBLVCK,Shallipopi ODUMODUBLVCK Cast
288,7JMkjelaEgUOdV7926uzGi,Focus On Me (All The Sexy Girls In The Club),Darkoo,Darkoo Focus On Me (All The Sexy Girls In The Club)
289,10AIyGWEbCddWbxHzRm9pJ,Terminator - Remix,King Promise; Sean Paul; Tiwa Savage,King Promise Sean Paul Tiwa Savage Terminator - Remix
290,67z96vytrhBnjKUnbELemt,SHAKE AH (feat. Tony Duardo, Optimist Music ZA & Ez Maestro),Tyla; Tony Duardo; Optimist Music ZA; Ez Maestro,Tyla Tony Duardo Optimist Music ZA Ez Maestro SHAKE AH (feat. Tony Duardo; Optimist Music ZA & Ez Maestro)
291,5v8Fxy6Zw8gOzi802lpDOt,woman,Omah Lay,Omah Lay woman
292,6BtXtwOOy9CfpdlClUscJv,Anybody,Burna Boy,Burna Boy Anybody
293,765zfCJsXtDDPInx1smYLo,Real Man,Korede Bello,Korede Bello Real Man
294,6wuMo4ZR83PhlhXhJ1S3VY,GWAGWALADA,BNXN; Kizz Daniel; Seyi Vibez,BNXN Kizz Daniel Seyi Vibez GWAGWALADA
295,3wdV4OJ37JdoLyUJMm50UW,lost,FOLA; Kizz Daniel,FOLA Kizz Daniel lost
296,5nmYNuBSh99LNDdZ0iSe2O,Get Better,Zlatan; FOLA,Zlatan FOLA Get Better
297,0OWPr4POCQ7iH9BGmTxOZV,LEGOLAS,ODUMODUBLVCK,ODUMODUBLVCK LEGOLAS
298,2hODYSmDyWMu2C2XN4bgOV,SHAOLIN,Seyi Vibez,Seyi Vibez SHAOLIN
299,6gYHfdySsN4Hqvr4f0g3BX,Do You Mind?,Adekunle Gold,Adekunle Gold Do You Mind?
300,11RIJRbBfyLlJut96itSFd,Energy (Stay Far Away),Skepta; Wizkid,Skepta Wizkid Energy (Stay Far Away)
301,2pempG6Jl7ZHDpCBElQUec,Dior,Ruger,Ruger Dior
302,3BnDvpeuGOj21Ir2aVEtQo,Calm Down,Rema,Rema Calm Down
303,5UwxpuGHkwiojKDaPC5ZNu,Joha,Asake,Asake Joha
304,4wvnXoQqjIOoEis5eyTbCl,Lazarus (feat. Boj),Dave; Boj,Dave Boj Lazarus (feat. Boj)
305,0N83qk5axJe71xNDXeViFQ,Bounce,Rema,Rema Bounce
306,6NuG2JgERZZXvvjmtjOFix,Sugarcane - Remix,Camidoh; Mayorkun; Darkoo; King Promise,Camidoh Mayorkun Darkoo King Promise Sugarcane - Remix
307,40t1l3IPtEIjlhAUPxn7jd,Toma Toma,Ruger; Tiwa Savage,Ruger Tiwa Savage Toma Toma
308,3eRaxLLhyYHKr8oiR6NeYI,Favourite Girl (with Rema),Darkoo; Rema,Darkoo Rema Favourite Girl (with Rema)
309,5YEVBJnnt2qMM67NGCjEdV,INTOXYCATED,Oxlade; Dave,Oxlade Dave INTOXYCATED
310,1YUrCnmAEQbdmTeucn3WCl,Philo,Bella Shmurda; Omah Lay,Bella Shmurda Omah Lay Philo
311,6sfdU1tGLpXhjjLjGJa0zA,FIA,Davido,Davido FIA
312,2M6LmH53eUJdyG00LjKouA,LV N ATTN feat. Wizkid,Lojay; Sarz; Wizkid,Lojay Sarz Wizkid LV N ATTN feat. Wizkid
313,6NKuW3yaNXtloGw1RB8WUi,Certified Loner (No Competition),Mayorkun,Mayorkun Certified Loner (No Competition)
314,6hyTI3In7vu6fqFRoypcuz,Common Person,Burna Boy,Burna Boy Common Person
315,2PDgArI0p7UkeYgXWuqpmh,Last Last,Burna Boy,Burna Boy Last Last
316,04caQq1IeChrnBnvch1FQf,Lonely At The Top - Remix,Asake; H.E.R.,Asake H.E.R. Lonely At The Top - Remix
317,0aMOalD335v1hsSXmLURzz,Time N Affection,Chris Brown; Rema,Chris Brown Rema Time N Affection
318,0jjH8vwVEENKNpDPWWOwuK,Vanilla,Burna Boy,Burna Boy Vanilla
319,1eDI5oU04SLsXl0TfxfwYf,Love Me JeJe,Tems,Tems Love Me JeJe
320,08XWh5c0BMyD1nKVxxl91z,Fountains (with Tems),Drake; Tems,Drake Tems Fountains (with Tems)
321,7BglTfVmbUUOCQUNof4RBF,One Woman,Adekunle Gold; Ty Dolla $ign,Adekunle Gold Ty Dolla $ign One Woman
322,37nExiid2iQtQzCJfUzohy,Laho,Shallipopi,Shallipopi Laho
323,4yaPPFIafaVaMRHZ5IHkbA,No Wahala - Remix,1da Banton; Kizz Daniel; Tiwa Savage,1da Banton Kizz Daniel Tiwa Savage No Wahala - Remix
324,0dCOSNPQizhMMjO6UxGlzi,Drogba (Joanna),Afro B,Afro B Drogba (Joanna)
325,2JfRd9fkzyZge8BZzs7aUI,Hmmm (feat. Davido),Chris Brown; Davido,Chris Brown Davido Hmmm (feat. Davido)
326,1IHWl5LamUGEuP4ozKQSXZ,Tití Me Preguntó,Bad Bunny,Bad Bunny Tití Me Preguntó
327,140dx97IbJbQhIMd7AaHeb,love nwantiti (ah ah ah) [feat. Joeboy & Kuami Eugene] [Remix],CKay; Joeboy; Kuami Eugene,CKay Joeboy Kuami Eugene love nwantiti (ah ah ah) [feat. Joeboy & Kuami Eugene] [Remix]
328,4URabg9AGHasjFEVdTbWcC,Dalie (feat. Baby S.O.N),Kamo Mphela; Tyler ICU; Khalil Harrison; Baby S.O.N,Kamo Mphela Tyler ICU Khalil Harrison Baby S.O.N Dalie (feat. Baby S.O.N)
329,780BUxpCmW9vOVYZsqdLLE,Wave,Asake; Central Cee,Asake Central Cee Wave
330,0b7YcZJ186TaQZzxrxIO1e,Yanna,Chop Daily; Deyon Agoi,Chop Daily Deyon Agoi Yanna
331,29e2gdZN35wxeGgDtkXjIa,Feeling,LADIPOE; BNXN,LADIPOE BNXN Feeling
332,28QpG4RmYhxq2YxjmQ06Ch,Ginger Me,Rema,Rema Ginger Me
333,319xYgRF9JFpGLTtiCDhC7,Trouble,DRB Lasgidi; Teezee; Boj; Fresh L.; Tems,DRB Lasgidi Teezee Boj Fresh L. Tems Trouble
334,1xWC2YE7OEcgQd4w8Gqa3p,Energy,DJ Tunez; Ashanti; Adekunle Gold,DJ Tunez Ashanti Adekunle Gold Energy
335,2mzM4Y0Rnx2BDZqRnhQ5Q6,Free Mind,Tems,Tems Free Mind
336,6nLdg1lpE3dHLmNam1aoA6,Dior,Ruger,Ruger Dior
337,4FtuDjqmTPP9mjxygLKzEm,Omo,Burna Boy,Burna Boy Omo
338,0BzX5iHjzOJw3j9xK4B5pq,Gold,J Hus; Asake,J Hus Asake Gold
339,4GLbOfhuU3OXDlRH5RLs5k,Sere (Remix),SPINALL; Fireboy DML; 6LACK,SPINALL Fireboy DML 6LACK Sere (Remix)
340,6pz1iqWlBwYXiAzJB7OAZY,Bloody Samaritan (with Kelly Rowland) - Remix,Ayra Starr; Kelly Rowland; Loud Urban Choir,Ayra Starr Kelly Rowland Loud Urban Choir Bloody Samaritan (with Kelly Rowland) - Remix
341,7IAzRTQQz6Aoywj0R1Qce5,Confession,Babyboy AV,Babyboy AV Confession
342,6bW7YnPQQffit1iwule5Vv,emiliana,CKay,CKay emiliana
343,1jloWdvMh9nwHUu3mag8CL,Mad Over You,Runtown,Runtown Mad Over You
344,1eldTykrnkEBLX41bk5eMw,Petit génie,Jungeli; Imen Es; Alonzo; Abou Debeing; Lossa,Jungeli Imen Es Alonzo Abou Debeing Lossa Petit génie
345,2JkIrQmiFXvqYQHhnPiY5D,TaTaTa (feat. Travis Scott),Burna Boy; Travis Scott,Burna Boy Travis Scott TaTaTa (feat. Travis Scott)
346,6ptu4Fyc5N5u4VLt81CCJF,Forévà,Tayc,Tayc Forévà
347,2dJMDzMF5jMvVFKLTci81H,D O D O,Tayc,Tayc D O D O
348,3d04OfVqip9ZQdvboUsPg3,Duffel Bag,Joeboy,Joeboy Duffel Bag
349,0CUJV0Hh512Ns7U2yGflqt,Ototo,Asake,Asake Ototo
350,2IOMDdgUZfjlsPYXGeeoaH,10 Kilo,Davido,Davido 10 Kilo
351,1HEwEN64NjgTaHmo7LfkX8,no tiene sentido,Beéle,Beéle no tiene sentido
352,4ZLPVrjMb6dkY0v9Tf3UKt,Like Dat,Darkoo,Darkoo Like Dat
353,22uU5EVRx6rVpuUANTFEhn,Love Riddim,Rotimi,Rotimi Love Riddim
354,0UJMgRVNBrnMmAeZ8p1iMc,Aquafina,Young Jonn,Young Jonn Aquafina
355,3qSk5TP4A8gQIsb8iNVwnx,One Call,SPINALL; Omah Lay; Tyla,SPINALL Omah Lay Tyla One Call
356,664mVcYRMDsVnOg95R71Ti,Moving,Omah Lay,Omah Lay Moving
357,7d1aTQlsHMgWmkPywDi7h1,Omo Ope (feat. Olamide),Asake; Olamide,Asake Olamide Omo Ope (feat. Olamide)
358,4204hwPYuToiuSunPFUoML,True Love (feat. Tay Iwar & Projexx),Wizkid; Tay Iwar; Projexx,Wizkid Tay Iwar Projexx True Love (feat. Tay Iwar & Projexx)
359,3Kc2ZkX5CjmoaOSIi1kyh2,Danger,KiDi,KiDi Danger
360,4EoYs4KY7oHQpJPTuxD7mU,Romeo Must Die (RMD),Ruger; BNXN,Ruger BNXN Romeo Must Die (RMD)
361,7IFoyt4ZL7raIETupyDCYM,My Dealer,KAESTYLE; Omah Lay,KAESTYLE Omah Lay My Dealer
362,7LKbaK4RD00Nso9EJk4opn,Tiki Taka,Vacra,Vacra Tiki Taka
363,55nKxeuQ63YLqhtxPWMCgN,APALA DISCO (feat. Wizkid, Seyi Vibez & Terry Apala) - Remix,DJ Tunez; Wizkid; Seyi Vibez; Terry Apala,DJ Tunez Wizkid Seyi Vibez Terry Apala APALA DISCO (feat. Wizkid; Seyi Vibez & Terry Apala) - Remix
364,5VQagemEOLpJJikcLzDNYR,Crazy Tings,Tems,Tems Crazy Tings
365,6iC4xfqow6iAsRhPh5IrWz,PAMI (feat. Wizkid, Adekunle Gold & Omah Lay),DJ Tunez; Wizkid; Adekunle Gold; Omah Lay,DJ Tunez Wizkid Adekunle Gold Omah Lay PAMI (feat. Wizkid; Adekunle Gold & Omah Lay)
366,3FyxwVvc9JqmVl5IVDPaNU,Cheat On Me (feat. Dave),Burna Boy; Dave,Burna Boy Dave Cheat On Me (feat. Dave)
367,0WeU5EfNFu1wmlmCdMNDEJ,Metaverse,Olamide,Olamide Metaverse
368,5mN3xSyvCmFy1jkdA98IfS,Fever,Wizkid,Wizkid Fever
369,4Su04rfy8UL4yDkIT6gFgG,GOD DESIGN,Jux; Phyno,Jux Phyno GOD DESIGN
370,0UP1t8bOHiRzdeet1WYXLo,Commitment,Craig David; Tiwa Savage,Craig David Tiwa Savage Commitment
371,1SJQNDyy5OsL8kQHotWSh3,Work Me Out (with Wizkid),Shenseea; Wizkid,Shenseea Wizkid Work Me Out (with Wizkid)
372,1z3Lac4bdl57XLcu35ma1M,No Wahala,1da Banton,1da Banton No Wahala
373,4L4m2mgZDF8KIkJPdWWIAf,Sittin' On Top Of The World,Burna Boy,Burna Boy Sittin' On Top Of The World
374,6IyR5rzYfQYZdPlwMUk7GF,Colours,Kid AlpHa,Kid AlpHa Colours
375,0eqmxkeJHQs3mdOEFluYXB,Down Flat,Kelvyn Boy,Kelvyn Boy Down Flat
376,7862flGk6U3tiWs2m2aUzH,Bank On It,Burna Boy,Burna Boy Bank On It
377,1aXxi9PSxNV8vI5BruR7vv,On The Low,Burna Boy,Burna Boy On The Low
378,1Jrrjn30MNNzetRHTwGxvw,Abracadabra,Boj; Davido; Mr Eazi,Boj Davido Mr Eazi Abracadabra
379,02YMpD1xbZZzpZbuZNvmD7,Sideways,Gordo; Drake,Gordo Drake Sideways
380,6hgoYQDUcPyCz7LcTUHKxa,Calm Down,Rema,Rema Calm Down
381,37neENY88EhsuW7ZqJsy6C,Everything,Victony,Victony Everything
382,3weAbRf5cn9SiCYxqZedot,Likkle Riddim,Joeboy,Joeboy Likkle Riddim
383,0HihDC6qQ8MChAhjfW3gMU,KU LO SA (with Camila Cabello),Oxlade; Camila Cabello,Oxlade Camila Cabello KU LO SA (with Camila Cabello)
384,5Dz7hEiizJdHkUEPfnoBji,MESMERIZED,Mack H.D; UGENE NGHT,Mack H.D UGENE NGHT MESMERIZED
385,1ndeyZurGdaWqLh3srX0ia,Antidote (feat. Adekunle Gold),Nao; Adekunle Gold,Nao Adekunle Gold Antidote (feat. Adekunle Gold)
386,5jVpi3fFf5OGAZ5bpe4Bhy,Lie,Kizz Daniel,Kizz Daniel Lie
387,6s2Axyc8OgfFFlDMK3XtqZ,Alchl,Magixx,Magixx Alchl
388,5Wxkvvb6pLky16pwq4gBI3,Dealer,Ayo Maff; Fireboy DML,Ayo Maff Fireboy DML Dealer
389,2rFPUq8a7gvO0IuaN9LpV7,In Fact (feat. Gabzy),melvitto; Gabzy,melvitto Gabzy In Fact (feat. Gabzy)
390,3PG45NefxQe8S5gkuJaFd7,Mufasa,Tekno,Tekno Mufasa
391,7CkDjDtJjCZA7AW7RBvrvC,OHEMA (with Crayon & Bella Shmurda),Victony; Crayon; Bella Shmurda,Victony Crayon Bella Shmurda OHEMA (with Crayon & Bella Shmurda)
392,6OGNF7mro80pMi5q1HhylS,Jealousy (feat. Leemckrazy & Ceeka RSA),Khalil Harrison; Tyler ICU; LeeMcKrazy; Ceeka RSA,Khalil Harrison Tyler ICU LeeMcKrazy Ceeka RSA Jealousy (feat. Leemckrazy & Ceeka RSA)
393,3Yt1ovsh3v3VEzRuhI1TL5,Joro,Wizkid,Wizkid Joro
394,2irQkcW7o3v0tZoGZrtUsO,Favourite Girl (with Rema),Darkoo; Rema,Darkoo Rema Favourite Girl (with Rema)
395,2cXWF03NCgkldzcCU8w1r1,I'm Betting You Know That,Vudumane,Vudumane I'm Betting You Know That
396,52Krs3LCqtcfeiWUvhxncK,POE,Ruger; BNXN,Ruger BNXN POE
397,6g8vNyogMW32lhHlNcDiwX,Diana,Fireboy DML; Chris Brown; Shenseea,Fireboy DML Chris Brown Shenseea Diana
398,77eZIuMTB9HrQ86L4ljqEX,Baby Riddim,FAVE,FAVE Baby Riddim
399,0CL8DINos7ow0xGrvR0pHD,Ifeoma,Ozedikus; CupidSZN; BoiGizmo,Ozedikus CupidSZN BoiGizmo Ifeoma
400,0YeUYYOh25Cn57DKTC8uS4,GWAGWALADA,BNXN; Kizz Daniel; Seyi Vibez,BNXN Kizz Daniel Seyi Vibez GWAGWALADA
401,4K5lYtD8r6OFRbzWc6MwCS,AZAMAN,Rema,Rema AZAMAN
402,3Ae97zTfGTtJzDfmCweNn8,Bad For You (feat. Jazmine Sullivan),Wizkid; Jazmine Sullivan,Wizkid Jazmine Sullivan Bad For You (feat. Jazmine Sullivan)
403,5F4OfeowSReF93KcH2eUcG,Xtra Cool,Young Jonn,Young Jonn Xtra Cool
404,3qeMtqV38UWPZfps7mPTUE,No.1 (feat. Tems),Tyla; Tems,Tyla Tems No.1 (feat. Tems)
405,2Jy4EdqIZswDZvVDh5dx3A,Dimension (feat. Skepta & Rema),JAE5; Skepta; Rema,JAE5 Skepta Rema Dimension (feat. Skepta & Rema)
406,2ZFAAhOIIFuIKFWuE59UtM,Peru,Fireboy DML,Fireboy DML Peru
407,54seQV7MCcppBrznALCdlT,Tshwala Bam (feat. S.N.E, EeQue),TitoM; Yuppe; S.N.E; EeQue,TitoM Yuppe S.N.E EeQue Tshwala Bam (feat. S.N.E; EeQue)
408,6XBIOtdSL47qn201KKNCA0,JUJU (feat. Shallipopi),Smur Lee; ODUMODUBLVCK; Shallipopi,Smur Lee ODUMODUBLVCK Shallipopi JUJU (feat. Shallipopi)
409,2JkjBVJIukdat5jNJeYyzz,Only Fans,Young Jonn,Young Jonn Only Fans
410,1DcfJPW7bEvqOGB5o1GWAc,Let Dem Kno,Smallgod; Tiwa Savage; Kwesi Arthur,Smallgod Tiwa Savage Kwesi Arthur Let Dem Kno
411,6ewsOjbC1jWAZcjAhVxDs0,Peace Be Unto You (PBUY),Asake,Asake Peace Be Unto You (PBUY)
412,0PXukVbYpvz40KcEFKnIw7,Don't Rush (feat. Headie One),Young T & Bugsey; Headie One,Young T & Bugsey Headie One Don't Rush (feat. Headie One)
413,7IDrQtd8JrnExDCPSq0W90,Sere,SPINALL; Fireboy DML,SPINALL Fireboy DML Sere
414,6ZBXya9ewPZa6zXDRfPhog,WAHALA (feat. Olamide),CKay; Olamide,CKay Olamide WAHALA (feat. Olamide)
415,5CfdyTuRzNFQyURSWFRBJZ,Break It,Kelvyn Boy,Kelvyn Boy Break It
416,6MM54UW97YvBPPz2Z0Eokf,Hmmm (feat. Davido),Chris Brown; Davido,Chris Brown Davido Hmmm (feat. Davido)
417,6TQJuIWHsrgXTL7RD7K4Ti,My Head,E'Major,E'Major My Head
418,2sghtIUWplVFKBRIHsVmFu,Safer,Tyla,Tyla Safer
419,2FDTHlrBguDzQkp7PVj16Q,Sprinter,Dave; Central Cee,Dave Central Cee Sprinter
420,36GYWNzc0MwGSSmXZLP6bX,iseoluwa,Fireboy DML,Fireboy DML iseoluwa
421,4swwVMD32piZe5BwgpYRTF,MACHO (feat. NLE Choppa),Seyi Vibez; NLE Choppa,Seyi Vibez NLE Choppa MACHO (feat. NLE Choppa)
422,5GX1wsJfvSXUobjDJgrVBD,BENIN BOYS,Rema; Shallipopi,Rema Shallipopi BENIN BOYS
423,4ibxmEgdIWYAQjXl0ivFmW,Jowo,Davido,Davido Jowo
424,13HwOA5rfBYsrWEj4fW4wy,Right Now,Darkoo; Davido; Rvssian,Darkoo Davido Rvssian Right Now
425,4VG9WzSYRAsHIVgkZXRX1C,Loner,Bella Shmurda,Bella Shmurda Loner
426,6PczP7McR5UyseBwf3QMBd,Big Flexa,Costa Titch; Sdida; Alfa Kat; Man T; C'buda M; Banaba Des,Costa Titch Sdida Alfa Kat Man T C'buda M Banaba Des Big Flexa
427,7LRmDx4pMTQuOBBwRT1MCT,Don't Rush (feat. Headie One),Young T & Bugsey; Headie One,Young T & Bugsey Headie One Don't Rush (feat. Headie One)
428,5nUiz96J8ZSmwoSuL4sGvh,Gum Body (feat. Jorja Smith),Burna Boy; Jorja Smith,Burna Boy Jorja Smith Gum Body (feat. Jorja Smith)
429,5s7j77zpP6e9uz2Q1DU851,I Like (feat. WizKid),Kojo Funds; Wizkid,Kojo Funds Wizkid I Like (feat. WizKid)
430,0PmnXWLh2KXKF4K65HH0SY,C'mon Look! (feat. Asake),Sarz; Asake,Sarz Asake C'mon Look! (feat. Asake)
431,0b3NkRxZt5FYAinS8rk1Xi,Carry,Tmaro,Tmaro Carry
432,5Ig0OEh723kKB4pbN0xGGg,It's You,Aredikay; zzamar,Aredikay zzamar It's You
433,1Bhm5HNO1cq8olDbBmokyL,Copines,Aya Nakamura,Aya Nakamura Copines
434,4Ddq2ZrV5GaLs4wu9dbd76,Ohemaa,Chop Daily; He3b; Bisa Kdei,Chop Daily He3b Bisa Kdei Ohemaa
435,5dNifN92fKRGXWas8YQ80O,Bounce,Lexsil; Otile Brown,Lexsil Otile Brown Bounce
436,7MaM9JVq1UXAGZQ4JFNXMg,Big Big Things (feat. Kizz Daniel & Seyi Vibez),Young Jonn; Kizz Daniel; Seyi Vibez,Young Jonn Kizz Daniel Seyi Vibez Big Big Things (feat. Kizz Daniel & Seyi Vibez)
437,0tdbVxn9Qewgtv2lUgD8aD,Till We Die (feat. Ruger),Sarkodie; Ruger,Sarkodie Ruger Till We Die (feat. Ruger)
438,5ildQOEKmJuWGl2vRkFdYc,DESPECHÁ,ROSALÍA,ROSALÍA DESPECHÁ
439,4vI2KCvXTAPR3vfiWg1J78,Terminator,Asake,Asake Terminator
440,6zF39FfmenMgLFBuzc7Qi1,Into The Future,Stonebwoy,Stonebwoy Into The Future
441,1ln2sDL64h9Y0PJIrUogM6,Shopping Spree (feat. Chris Brown & Young Thug),Davido; Chris Brown; Young Thug,Davido Chris Brown Young Thug Shopping Spree (feat. Chris Brown & Young Thug)
442,5dFSwQk7dEGgccEpyzqskS,Big Thug Boys,AV,AV Big Thug Boys
443,3qF8DcoQpQ1IXlMbTKHylP,Pull Up,Timaya; Burna Boy,Timaya Burna Boy Pull Up
444,5gL8d9dzG8wU4BYgJOGy0B,Monica,Kuami Eugene,Kuami Eugene Monica
445,6u06O02Qv5ZdwD0x9SqEbX,All of This (Jorja Smith x GuiltyBeatz),Jorja Smith; GuiltyBeatz,Jorja Smith GuiltyBeatz All of This (Jorja Smith x GuiltyBeatz)
446,4lkI6BidQ1dC19KaCb0SUn,GoodSin,Olivetheboy,Olivetheboy GoodSin
447,6yIh43XrY4Mc5xOxeagVhp,Le temps,Tayc,Tayc Le temps
448,1zIk8RJEKGvoH4FioFnGyJ,On the Low,Burna Boy,Burna Boy On the Low
449,3qe7VcbqjYNvFwhP0sFItH,N'y pense plus,Tayc,Tayc N'y pense plus
450,2LP8KwtvzUx1onvXKQCoKR,WOTOWOTO SEASONING (feat. Black Sherif),ODUMODUBLVCK; Black Sherif,ODUMODUBLVCK Black Sherif WOTOWOTO SEASONING (feat. Black Sherif)
451,0x7K0Gxgm4rNPB5Kx12Bvn,Likor (feat. Stonebwoy),KiDi; Stonebwoy,KiDi Stonebwoy Likor (feat. Stonebwoy)
452,0314PeD1sQNonfVWix3B2K,ENERGY (feat. Beam),Beyoncé; BEAM,Beyoncé BEAM ENERGY (feat. Beam)
453,2gOBTGJTMUjr4p2CUlMW00,Feeling Alright,Qing Madi,Qing Madi Feeling Alright
454,1Cyd4IymecNCe9oAO42KfE,Just a Little Bit,DJ Boat; Dr. Chaii,DJ Boat Dr. Chaii Just a Little Bit
455,6iOndD4OFo7GkaDypWQIou,La Plena - W Sound 05,W Sound; Beéle; Ovy On The Drums,W Sound Beéle Ovy On The Drums La Plena - W Sound 05
456,3w2PO4US2zMxFDxEjWT9yB,Be Easy,Odeal; brazy,Odeal brazy Be Easy
457,0ygsbxggnpHGN9SmvSsAzj,So Fine,KiDi,KiDi So Fine
458,5s33nLb8BCeeKep2rfG7To,Bae Bae,Ruger; BNXN,Ruger BNXN Bae Bae
459,5TFD2bmFKGhoCRbX61nXY5,NUEVAYoL,Bad Bunny,Bad Bunny NUEVAYoL
460,0fK7ie6XwGxQTIkpFoWkd1,like JENNIE,JENNIE,JENNIE like JENNIE
461,6J5kc12BW5HuP3d7C3vvx8,EoO,Bad Bunny,Bad Bunny EoO
462,6DXEZzM4wBa3EOl0NCNSvz,Did You See,J Hus,J Hus Did You See
463,0ZozwNxlrIRfBAhAibtM4M,Hit & Run (feat. Masicka & Di Genius),Shenseea; Masicka; Di Genius,Shenseea Masicka Di Genius Hit & Run (feat. Masicka & Di Genius)
464,6qk3jI8bKCgURI3h0d8zBZ,Again,Wande Coal,Wande Coal Again
465,6t2X8OIGbNqkNrF6k9bkPd,JELO (feat. Young Jonn),Pheelz; Young Jonn,Pheelz Young Jonn JELO (feat. Young Jonn)
466,2u9S9JJ6hTZS3Vf22HOZKg,NOKIA,Drake,Drake NOKIA
467,6AI3ezQ4o3HUoP6Dhudph3,Not Like Us,Kendrick Lamar,Kendrick Lamar Not Like Us
468,0TTOsyDKykWhCh3qDd9wMY,Talibans,Byron Messia,Byron Messia Talibans
469,6WatFBLVB0x077xWeoVc2k,Si Antes Te Hubiera Conocido,KAROL G,KAROL G Si Antes Te Hubiera Conocido
470,5YLGlPYkZBDXieMwzVve7g,MOVE (feat. Grace Jones & Tems),Beyoncé; Grace Jones; Tems,Beyoncé Grace Jones Tems MOVE (feat. Grace Jones & Tems)
471,5bhYAsnG12L5MN5iDOE2N8,PRITI PRITI,Mack H.D; Kobi Jonz,Mack H.D Kobi Jonz PRITI PRITI
472,6TTR7tXftck5lU7BPRY7bV,Santorini Coffee,melvitto,melvitto Santorini Coffee
473,5nPbKG04fhLkIAjcPFaZq7,I Adore You (feat. Daecolm),HUGEL; Topic; Arash; Daecolm,HUGEL Topic Arash Daecolm I Adore You (feat. Daecolm)
474,7koAf6aZgjO6TS7bipfPD0,YO y TÚ,Ovy On The Drums; Quevedo; Beéle,Ovy On The Drums Quevedo Beéle YO y TÚ
475,18t2ofQiViidZHxOBVjpD1,Koroba,Tiwa Savage,Tiwa Savage Koroba
476,57GsLpRtEtrzcPGPop20rS,What Did I Miss?,Drake,Drake What Did I Miss?
477,0aB0v4027ukVziUGwVGYpG,tv off (feat. lefty gunplay),Kendrick Lamar; Lefty Gunplay,Kendrick Lamar Lefty Gunplay tv off (feat. lefty gunplay)
478,35056uy2b4M1qJ3Z1ed3sf,Sere,SPINALL; Fireboy DML,SPINALL Fireboy DML Sere
479,3ibXZkzvCPZ6lWbfubSolQ,THIS YEAR (Blessings),Victor Thompson; Ehis 'D' Greatest,Victor Thompson Ehis 'D' Greatest THIS YEAR (Blessings)
480,3cZajhyr8LmtPfHZ9296tj,No Broke Boys,Disco Lines; Tinashe,Disco Lines Tinashe No Broke Boys
481,3jAshemiRYWukWLtT3Ivrb,SOLEAO,Myke Towers; Quevedo,Myke Towers Quevedo SOLEAO
482,31jkD22MNUrpebszwU7ZFz,Red Flags,Ruger,Ruger Red Flags
483,03cKmr45ZcgYzng3s76STy,Feel,Fireboy DML,Fireboy DML Feel
484,4xU4XeklG562EnanWzpY3A,wiggy,Young Miko,Young Miko wiggy
485,3R60ekRcGXuaoZmnbdlf3n,Play Play (feat. Burna Boy),J Hus; Burna Boy,J Hus Burna Boy Play Play (feat. Burna Boy)
486,4WYbYaibpIWj1FLbMUH2Yb,Showa,Kizz Daniel,Kizz Daniel Showa
487,72PVbRKkUimweUPV0nKAPs,ALL I CAN TAKE,Justin Bieber,Justin Bieber ALL I CAN TAKE
488,6eACyidPDx35GXnZVagFo9,Highest vibration,Kokcii,Kokcii Highest vibration
489,6OCNg7QchXJMww1LHMjIzb,Hiekka,Nicky Jam; Beéle,Nicky Jam Beéle Hiekka
490,4zbEItKoaRId1vRZkoO0Uh,Imagínate,Danny Ocean; Kapo,Danny Ocean Kapo Imagínate
491,0z0qRN3HNUCOG9y1R7umuD,Do Like That,Korede Bello,Korede Bello Do Like That
492,51psaXOJAkOUdRQrp2Wjsa,Leg Over,Mr Eazi,Mr Eazi Leg Over
493,0nj9Bq5sHDiTxSHunhgkFb,squabble up,Kendrick Lamar,Kendrick Lamar squabble up
494,4hbadZZrbM08KZIQZomWaI,Not An Angel,Tems,Tems Not An Angel
495,1KCCxeit3q5wJXxDmRgbl3,OVER DEM,Davido,Davido OVER DEM
496,7ricDBUakN3N0YkkKE8Obu,mi refe,Beéle; Ovy On The Drums,Beéle Ovy On The Drums mi refe
497,61C7zXd4t2Zuhz6DRwgsLM,Volver,Piso 21; Marc Anthony; Beéle,Piso 21 Marc Anthony Beéle Volver
498,3ES1fBQACydIODlZmQS359,Overloading (OVERDOSE),Mavins; Crayon; Ayra Starr; LADIPOE; Magixx; Boy Spyce,Mavins Crayon Ayra Starr LADIPOE Magixx Boy Spyce Overloading (OVERDOSE)
499,5QjmUqgpPQgXgg4606DqZF,UWAIE,Kapo,Kapo UWAIE
500,20hZEnFjyvUIk4YkONRGMZ,Lo Lo,Omah Lay,Omah Lay Lo Lo
501,01bd6lyQR2ZiicAifXtlr9,Un Gatito Me Llamó,KAROL G,KAROL G Un Gatito Me Llamó
502,4XDAismaOMDkVgVW5eQSfk,Introduction,Asake,Asake Introduction
503,5zq5fYXIE7X842DD5HBiiB,Talibans II,Burna Boy; Byron Messia,Burna Boy Byron Messia Talibans II
504,480j122Gpi252OIfy4SNzm,Yamore,MoBlack; Salif Keita; Benja (NL); Franc Fala; Cesária Evora,MoBlack Salif Keita Benja (NL) Franc Fala Cesária Evora Yamore
505,0dgdDB39uUoC8WICmTE2U8,No Bad Vibes,Jazzy; KILIMANJARO,Jazzy KILIMANJARO No Bad Vibes
506,5ZUIPLoTLJZrPQh2kFZEUM,Addicted,Zerb; The Chainsmokers; Ink,Zerb The Chainsmokers Ink Addicted
507,5srIkb35ees5dhgjK3zdfz,Collateral Damage,Burna Boy,Burna Boy Collateral Damage
508,139nLHDFZNr3anx8CpUy7u,Outside,Cardi B,Cardi B Outside
509,1fTjqf10accJCDYstPwwZ6,OHNANA,Kapo,Kapo OHNANA
510,2dKkVF2m160z0RNDN2dddc,NISSAN ALTIMA,Doechii,Doechii NISSAN ALTIMA
511,0io16MKpbeDIdYzmGpQaES,Embrace It,Ndotz,Ndotz Embrace It
512,1hsFJ92y0FU2cFOOLkEFVr,Hamba Wena,Deep London; Boohle,Deep London Boohle Hamba Wena
513,5jFA0f4ZDGLbQP4nxzL8D4,HAY LUPITA,Lomiiel,Lomiiel HAY LUPITA
514,0WS1qLcXKsCGt5e3dqq30S,Forever (feat. Malou & Yuna),HUGEL; Diplo; Malou; Yuna,HUGEL Diplo Malou Yuna Forever (feat. Malou & Yuna)
515,1pymWRCuZfCd0zdiBJo0Hj,REAL GANGSTA LOVE,Trueno,Trueno REAL GANGSTA LOVE
516,5xeSd4HgzrYpNLEf3LfYLK,WHATCHU KNO ABOUT ME (feat. Sexyy Red),GloRilla; Sexyy Red,GloRilla Sexyy Red WHATCHU KNO ABOUT ME (feat. Sexyy Red)
517,4zhdSsssstuVDXyGDb3pYi,Bodies,Offset; JID,Offset JID Bodies
518,6WZVnqQ9OZRSGZmXyHHlV3,Ojapiano,KCee,KCee Ojapiano
519,0lwegRNqxrSXhrttOUEpFq,In My Maserati,Olakira,Olakira In My Maserati
520,1JKo6V7VgO6MM2uj7iVkHh,Jump,Levi,Levi Jump
521,1NKjc6bRHutPoaVtYclFC3,Your Body,Marten Lou,Marten Lou Your Body
522,4TFjpINnVhINpTdrtNQIvx,X TI,Kapo; Feid,Kapo Feid X TI
523,1cMU20gleQO9xYjCeni3DJ,Carita Angelikal,Rels B; Kapo,Rels B Kapo Carita Angelikal
524,4GZOxR1IuvoRiUz0gpmASl,sobelove,Beéle,Beéle sobelove
525,3h3xeg5OGNYVM0U9rOAc6j,Touch It,KiDi,KiDi Touch It
526,0s3ZpsAaVCbWxDhLq2B2wh,Scatter,Fireboy DML,Fireboy DML Scatter
527,7Ib4gUHHG0SnLHN90cg3Ey,Ojapiano,KCee,KCee Ojapiano
528,6NIJqFHB5cHAn064JCP7Li,Move,Adam Port; Stryv; Keinemusik; Orso; Malachiii,Adam Port Stryv Keinemusik Orso Malachiii Move
529,3nnStd7PMGgrN0tfmdhv3j,Positions,Stryv; Malachiii; Adam Port,Stryv Malachiii Adam Port Positions
530,2nljjiWhzVIugb5vgEMQQk,My Love (2024),Alex Wann; Route 94; Jess Glynne,Alex Wann Route 94 Jess Glynne My Love (2024)
531,47mrF6zAW9O863QYOHSF8D,TATATA,BeteSins; BetejayMadeIt,BeteSins BetejayMadeIt TATATA
532,43J20QsNeYhG23RcLHIGIn,KORAZONG,Kapo,Kapo KORAZONG
533,79mv2n8KDrR9T7xKGk1Swq,Sigo Pensando En Ti,Kenneth,Kenneth Sigo Pensando En Ti
534,5ru2w4Y7xP58IXE6m4orW0,ILY,Kapo; Myke Towers,Kapo Myke Towers ILY
535,3LBYHlDSJOeUWSvCHXDWy5,Vitamina,Danny Ocean,Danny Ocean Vitamina
536,5bi0gh89wRuH2OgjdAKFsb,Santa,Rvssian; Rauw Alejandro; Ayra Starr,Rvssian Rauw Alejandro Ayra Starr Santa
537,1Cg51Jk6EoXBQ0KiwzWJfm,Playboy,Fireboy DML,Fireboy DML Playboy
538,3SBBYSbzkLvx96bKzneYsF,Melrose Place,KeBlack; Guy2Bezbar,KeBlack Guy2Bezbar Melrose Place
539,3Q3cmIGrJM7fDpXdo0gEPG,Trumpet,Olamide; CKay,Olamide CKay Trumpet
540,01WFjqzUwrD4nfSQsHMVNm,Ma Tnsani (Yalla Habibi),Vanco; AYA,Vanco AYA Ma Tnsani (Yalla Habibi)
541,0nZUQdt97RJ429I0FuAO2r,Crazy For It,Rampa; Adam Port; &ME; Boys Noize; Vinson; Keinemusik,Rampa Adam Port &ME Boys Noize Vinson Keinemusik Crazy For It
542,3wlEt7tgbcyowpdlcnCwfz,Sauti,Francis Mercier; Faul & Wad; African Children's Choir,Francis Mercier Faul & Wad African Children's Choir Sauti
543,6sgYrldk8IdtSERq4eGZj1,Life Is Simple (Move Your Body) [Feat Salomé Das],Maesic; Marshall Jefferson; Salomé Das,Maesic Marshall Jefferson Salomé Das Life Is Simple (Move Your Body) [Feat Salomé Das]
544,6pFD81uwGh25w62Ut3XSqd,EXPECTATIVAS,Myke Towers,Myke Towers EXPECTATIVAS
545,4dnjLEblR5XKUMJ5ELQceh,BLISS,Tyla,Tyla BLISS
546,3k6Y1ESBwF1low4hHsY4wu,Sinner,Adekunle Gold; Lucky Daye,Adekunle Gold Lucky Daye Sinner
547,2jWZ9NZotZb2hN5obKx2FA,Loosen Up,HUGEL; Dawty; Preston Harris,HUGEL Dawty Preston Harris Loosen Up
548,14e2ob5d6fW1TTn5ZlXF5N,Si Ai - Marshmello & UKAY Remix,Tayna; Marshmello; UKAY,Tayna Marshmello UKAY Si Ai - Marshmello & UKAY Remix
549,5QwJtoSfJqEPHlNCm46uex,A Gira,unfazed,unfazed A Gira
550,1P9ZF3ZxRWNTDgJkZOgkI9,Famax - Edit,RAFFA GUIDO,RAFFA GUIDO Famax - Edit
551,1h1oC8n5nh3IKxCmpUtw85,Pree Me,Burna Boy,Burna Boy Pree Me
552,0TsqrYn4ta8Xkvez2oHx7B,Bésame,Alejandro Sanz; Shakira,Alejandro Sanz Shakira Bésame
553,6NiiHhJPTeSaJR2TfDzpPz,IS IT,Tyla,Tyla IS IT
554,1LjSbD1yQ0RQc6mwxGHw4m,Ms. Whitman,Bhad Bhabie,Bhad Bhabie Ms. Whitman
555,5pa2ZyJ3dIEmxRDW74msQi,Cops & Robbers,Sammy Virji; Skepta,Sammy Virji Skepta Cops & Robbers
556,0QI0JAWUTBJhHq3b4QxeIp,Noventa (with J Balvin),DJ Snake; J Balvin,DJ Snake J Balvin Noventa (with J Balvin)
557,24fWOmkqeWMdAxiOiuXt0k,ART (feat. Latto),Nemzzz; Latto,Nemzzz Latto ART (feat. Latto)
558,7dzuYJwwtNnfcptmbD58aJ,4 Kampé,Joé Dwèt Filé,Joé Dwèt Filé 4 Kampé
559,4mNttG8qiVh4BKrMUrUhCI,Minimum ça,Dr. Yaro,Dr. Yaro Minimum ça
560,1gRaHuKLW9Uo9qYkb7MvGP,Angelito,Bad Gyal; Trueno,Bad Gyal Trueno Angelito
561,6TzgG83Mj85lfnkWTuyO8O,Más Que Tú,Ozuna; Kapo,Ozuna Kapo Más Que Tú
562,08pbRBstuvH7ArRxeb8fwT,Hasta Aquí Llegué,Nanpa Básico; Beéle,Nanpa Básico Beéle Hasta Aquí Llegué
563,2QdSb68BzZGMgCbsrFmSLc,Higher,Tems,Tems Higher
564,0cE68B5sCz9f3snJ5ueTGZ,Cloak & Dagger (feat. J Hus),Burna Boy; J Hus,Burna Boy J Hus Cloak & Dagger (feat. J Hus)
565,4WnlAkJ3S0r6C7ofHy6kNP,Arike,Kunmie,Kunmie Arike
566,5M2lX0ZAYSAzCs1xPPi9BX,Fat Juicy & Wet,Sexyy Red; Bruno Mars,Sexyy Red Bruno Mars Fat Juicy & Wet
567,1k2OaUl9NGaBA4wa3Ommvc,Shine Like Stars,Benji,Benji Shine Like Stars
568,6AriBfTagIjKVUov3WEwOa,Jackie B,&friends; JOSEPH (CH); Brent Faiyaz,&friends JOSEPH (CH) Brent Faiyaz Jackie B
569,7c5uGV9Rys18JP2570ykTu,Isaka (6am),CIZA; Jazzworx; Thukuthela,CIZA Jazzworx Thukuthela Isaka (6am)
570,4gMSTNEKDDw7lSXc2XeOX6,SELENA,Escolano,Escolano SELENA
571,7lcbpfihslisNObKdHjyLo,IA,Clarent; Mora,Clarent Mora IA
572,6dOtVTDdiauQNBQEDOtlAB,BIRDS OF A FEATHER,Billie Eilish,Billie Eilish BIRDS OF A FEATHER
573,6Qb4XQnsuRnMlGxwR3GOGV,Tshwala Bam (feat. S.N.E),TitoM; Yuppe; Burna Boy; S.N.E,TitoM Yuppe Burna Boy S.N.E Tshwala Bam (feat. S.N.E)
574,7qrnsZLQIjYljtyWUkmZNa,Muhuuuuu,Lazare; ADDAM (BE),Lazare ADDAM (BE) Muhuuuuu
575,5tsSdgnZLNhVt78voyyjju,Mina Kupenda,Thierry Von Der Warth; joki; Mugisho,Thierry Von Der Warth joki Mugisho Mina Kupenda
576,3yaMisjmccUHlzZYgSh9zf,Osusu,Famous Pluto; Jeriq,Famous Pluto Jeriq Osusu
577,75NaRkat24l3uKOyfymyzJ,Free,Olamide; Seyi Vibez; Muyeez,Olamide Seyi Vibez Muyeez Free
578,56lGvDVasowdpufZnBJbuB,Titi,Kizz Daniel; FOLA,Kizz Daniel FOLA Titi
579,2nUWADb8oS9q6sa3cZn9zx,Sirenita,Ozuna,Ozuna Sirenita
580,6pXo0WoRNLSid8mbpmJ4Wz,Por Vos,Arcángel; Beéle,Arcángel Beéle Por Vos
581,6Gs0ljTHKNdr0uJrSLIkGd,ALOH ALOH,Kapo,Kapo ALOH ALOH
582,3vTW0qXIitjhZW5kfTwBTv,Champion Sound,Davido; Focalistic,Davido Focalistic Champion Sound
583,6UPiTNzNmUFE59YkkyCs9n,Peggy,Ceechynaa,Ceechynaa Peggy
584,2x03XLsTZ0o86h0cfHrkKF,After Hours,Kehlani,Kehlani After Hours
585,7KVT3NYXWguwJ0zzup1q1S,Underdog (From F1® The Movie),Roddy Ricch; F1 The Album,Roddy Ricch F1 The Album Underdog (From F1® The Movie)
586,66tTks0fdZ1t8Ux7SF0yrZ,Weyu,Lucas Estrada; Lenji; Amadi Blue,Lucas Estrada Lenji Amadi Blue Weyu
587,2KVAO2OAH6a9Tr2DqYL65g,CORAÇAO - 20th Anniversary Mix,Jerry Ropero; HUGEL; Mijangos; Jesús Fernández,Jerry Ropero HUGEL Mijangos Jesús Fernández CORAÇAO - 20th Anniversary Mix
588,73MJ65QLIfsU2GyCt5KQ3a,Uzizwa Kanjan,Jazzworx; MaWhoo; Thukuthela; GL_Ceejay,Jazzworx MaWhoo Thukuthela GL_Ceejay Uzizwa Kanjan
589,6xlxghvkH5yDv93NoHlWOx,Bengicela (feat. Jazzworx),MaWhoo; GL_Ceejay; Thukuthela; Jazzworx,MaWhoo GL_Ceejay Thukuthela Jazzworx Bengicela (feat. Jazzworx)
590,3JW9hNUjUN51X9jZyn2HVV,Ngishutheni,Goon Flavour; Master KG; Eemoh,Goon Flavour Master KG Eemoh Ngishutheni
591,5lfTkFlbDudfdmY51aYuY1,KIKI,Kenneth; Escolano; Zeper,Kenneth Escolano Zeper KIKI
592,2plbrEY59IikOBgBGLjaoe,Die With A Smile,Lady Gaga; Bruno Mars,Lady Gaga Bruno Mars Die With A Smile
593,7HupMpgxBnu6QgEsJibKU0,Simple Things,Emotional Oranges; Nonso Amadi,Emotional Oranges Nonso Amadi Simple Things
594,7L1DT2ByQ331AJkDfjvI5N,Management,Smur Lee; BIGKHALID,Smur Lee BIGKHALID Management
595,5hphSVebVxTpDfrk09W0hS,Doha,Seyi Vibez,Seyi Vibez Doha
596,5emD8K39MmotlCLOx9qzCH,GBP (feat. 21 Savage),Central Cee; 21 Savage,Central Cee 21 Savage GBP (feat. 21 Savage)
597,35dt2bP4CcBzepyufQbvYZ,Fire Fire,Shimza; AR/CO; Kasango,Shimza AR/CO Kasango Fire Fire
598,63cOYqSjpQXEBrMTkBQwrp,Gaddem,Rybeena; Shoday,Rybeena Shoday Gaddem
599,5G5R93fhTnLMXVcoIO6QNa,Mortal Kombat,Muyeez,Muyeez Mortal Kombat
600,7DiNJqM6uyiYqqWX1wsqxG,DONDE TE ESCONDES?,Yapi,Yapi DONDE TE ESCONDES?
601,0KLY7SCQuVA4Hk1nzk61p4,Majo (feat. Wizkid, Alpha P & Tay Iwar),DJ Tunez; Wizkid; Alpha P; Tay Iwar,DJ Tunez Wizkid Alpha P Tay Iwar Majo (feat. Wizkid; Alpha P & Tay Iwar)
602,5Yo66rb2fJC4Knw6UqNFhd,Lira Galore,Dopebwoy; Russ Millions,Dopebwoy Russ Millions Lira Galore
603,0IXL5SPeI849hcz7Cynpk4,COMO TU,DYSTINCT; J Balvin,DYSTINCT J Balvin COMO TU
604,3VSO45erUjYsPi1IFuc43Q,Mussulo (feat. Doddy),DJ Malvado; DJ Aka-m; DODDY,DJ Malvado DJ Aka-m DODDY Mussulo (feat. Doddy)
605,62auSQwzIlyVuqUsxd4w63,Abantwana Bakho (feat. Thatohatsi, Young Stunna & Nkosazana Daughter),DJ Maphorisa; Xduppy; Kabza De Small; Thatohatsi; Young Stunna; Nkosazana Daughter,DJ Maphorisa Xduppy Kabza De Small Thatohatsi Young Stunna Nkosazana Daughter Abantwana Bakho (feat. Thatohatsi; Young Stunna & Nkosazana Daughter)
606,4nP3JxLWurlrvollaDlxsJ,Mali,Dlala Thukzin; Zee Nxumalo; SYKES,Dlala Thukzin Zee Nxumalo SYKES Mali
607,24fRfn3FOM4xk02aE4wief,Vuka (feat. Thukuthela),Oscar Mbo; Jazzworx; Thukuthela,Oscar Mbo Jazzworx Thukuthela Vuka (feat. Thukuthela)
608,6fXDXIPwX97mqCrqLFAt2p,Love,Burna Boy,Burna Boy Love
609,2IocWgGPI0o6rmRDeb7Zrz,Very Soon,BNXN; FOLA,BNXN FOLA Very Soon
610,28NElMiahjGMfcE1G8Y6TG,Laye Mi,BNXN,BNXN Laye Mi
611,6D09vfVjCFlRxOGdmja0yp,I Alone,BNXN,BNXN I Alone
612,0gk91IAv50RJrKRYdlvdWr,La Isla,Kenneth,Kenneth La Isla
613,3KW6KJKinwAszaajAHOSQF,Nu Riddim,Ycee,Ycee Nu Riddim
614,3RMr94P81nO3GtW9MfqNp5,PITY THIS BOY (with Victony),ODUMODUBLVCK; Victony,ODUMODUBLVCK Victony PITY THIS BOY (with Victony)
615,00S54Je0ffaNP8ClzQPjWy,Crazy Love,Tion Wayne; LeoStayTrill; MJ Cole,Tion Wayne LeoStayTrill MJ Cole Crazy Love
616,697Ub7j26uCkn3VtWSucG3,Ice 2 Water,Wakyin; Ronis Goliath; bees & honey,Wakyin Ronis Goliath bees & honey Ice 2 Water
617,1d3srkotnZxmQhsqbIu9jv,Tholukuthi (Clap Song) (feat. MaWhoo),Jazzworx; GL_Ceejay; Thukuthela; MaWhoo,Jazzworx GL_Ceejay Thukuthela MaWhoo Tholukuthi (Clap Song) (feat. MaWhoo)
618,27N2fW3NXw9cvzTHtRSgKR,Dem Dey,Burna Boy,Burna Boy Dem Dey
619,679lDJUvGZrhtocsB26ON4,No Panic,Burna Boy,Burna Boy No Panic
620,7dTEOkCQWc8YuHjuaSolSX,Set Up,BNXN; Seyi Vibez,BNXN Seyi Vibez Set Up
621,6dmuFoJ8jYh7kzai2twWNo,Jies,BNXN,BNXN Jies
622,0C3zMmE4yo1qBq6MGfkwX0,Kai!,Olamide; Wizkid,Olamide Wizkid Kai!
623,6Uh5S2WjXoFPkgcVHaQV0d,Realness,Ayo Maff; Chike,Ayo Maff Chike Realness
624,3XdP8yLlx1xrkbDmVtIJIn,Hasibunallah,Olamide,Olamide Hasibunallah
625,3UJsKcdzMZuNz7CZ4lsnLf,Woman,G2 Beatzz,G2 Beatzz Woman
626,3bdntVS2dHPTPitwms9gLK,Sacrifice,Black Sherif,Black Sherif Sacrifice
627,2melyaF5DpV1MFCSiZHhNB,Mi Reina,Hamilton; Nanpa Básico,Hamilton Nanpa Básico Mi Reina
628,5vNRhkKd0yEAg8suGBpjeY,APT.,ROSÉ; Bruno Mars,ROSÉ Bruno Mars APT.
629,6mzJqQzYatigPwoJrvKlJM,YITTY ON YO TITTYS (FREESTYLE),Lizzo,Lizzo YITTY ON YO TITTYS (FREESTYLE)
630,177s589pGfNvcIX07n2Ecl,WHIM WHAMIEE (feat. YKNIECE),PLUTO; YKNIECE,PLUTO YKNIECE WHIM WHAMIEE (feat. YKNIECE)
631,3cqAMw4w9px9nAV6iROr0a,Crush (feat. Jorja Smith),AJ Tracey; Jorja Smith,AJ Tracey Jorja Smith Crush (feat. Jorja Smith)
632,03A9CAoRTrqSeaEEERXuNT,PUSH 2 START - REMIX,Tyla; Sean Paul,Tyla Sean Paul PUSH 2 START - REMIX
633,73YTJNeXISV9QHMG82ZrwP,Say What,Rampa; Adam Port; &ME; chuala; Keinemusik,Rampa Adam Port &ME chuala Keinemusik Say What
634,56PS9rUrkwa1TYG6l1Vb0v,stay,Aden Lou,Aden Lou stay
635,0DGP0pRR8yz4OW2xxjIskt,Vuma Dlozi Lami (feat. Ancestral Rituals),Issa sisdoh; Ancestral Rituals,Issa sisdoh Ancestral Rituals Vuma Dlozi Lami (feat. Ancestral Rituals)
636,0kOFrZxXIpM3tpFI3qLJgl,No Sign of Weakness,Burna Boy,Burna Boy No Sign of Weakness
637,5gL6LKibckV3dDAEkiNnZv,Buy You Life,Burna Boy,Burna Boy Buy You Life
638,3iDQuYVOADpNPWMhIWsfaA,28 grams,Burna Boy,Burna Boy 28 grams
639,2zZzFhWHYeCSaoejZzkDfe,5hrs Till Nairobi,BNXN,BNXN 5hrs Till Nairobi
640,32a4IaGEJUhfy45yV5JH84,Totori,BNXN,BNXN Totori
641,3fGdbjANHhuAhNo0f4POgw,Slow (feat. Anaïs Cardot),Wizkid; Anaïs Cardot,Wizkid Anaïs Cardot Slow (feat. Anaïs Cardot)
642,51VUNKCTKQSqs76NoVbdPI,Don't Let Me Drown,Burna Boy,Burna Boy Don't Let Me Drown
643,5XX8OtWCYAP4s0zMVp5REJ,NANAENA,Paulo Londra; Rvfv,Paulo Londra Rvfv NANAENA
644,1AtBzcUzKLh4BGwXhFA9K6,Ojuelegba,Wizkid,Wizkid Ojuelegba
645,2YwBdxvMFsWUSCaL1U6xIg,HAPPY SONG,Seyi Vibez,Seyi Vibez HAPPY SONG
646,5EMD7ozaMBD2GJCUHD5nVn,Feeling,FOLA,FOLA Feeling
647,21CsEAX3X8wiWjtqedsRNb,Woke Up,Sheff G; Sleepy Hallow,Sheff G Sleepy Hallow Woke Up
648,6UTXf9k0H3JDus2ZZDwGpC,Favourite Girl,Darkoo; Dess Dior,Darkoo Dess Dior Favourite Girl
649,4Qo9UFzbsp5avmUs6Okpl6,Gabriel,Hydawai; CMC$; Benji,Hydawai CMC$ Benji Gabriel
650,2RTeXzmqnMh5s5prFGuoQG,Heat,Naarly; FIRSTCLASS; Lucas Estrada,Naarly FIRSTCLASS Lucas Estrada Heat
651,6CqPGAoMqPoOGCfxSKuKtC,This Is My Life - Bontan Remix,HoneyLuv; Roland Clark; Bontan,HoneyLuv Roland Clark Bontan This Is My Life - Bontan Remix
652,2tUXE87QNnoVQZApV3uyVZ,Ngisakuthanda,Zee Nxumalo; TBO; PYY Log Drum King; Dj Tearz; Dr Thulz,Zee Nxumalo TBO PYY Log Drum King Dj Tearz Dr Thulz Ngisakuthanda
653,7MD8gswt08VhFwVF1PR8Mg,Biri Marung (feat. Sje Konka, Focalistic, DJ Maphorisa, Scotts Maphuma & CowBoii),Mr Pilato; Ego Slimflow; Tebogo G Mashego; Sje Konka; Focalistic; DJ Maphorisa; Scotts Maphuma; CowBoii,Mr Pilato Ego Slimflow Tebogo G Mashego Sje Konka Focalistic DJ Maphorisa Scotts Maphuma CowBoii Biri Marung (feat. Sje Konka; Focalistic; DJ Maphorisa; Scotts Maphuma & CowBoii)
654,3CLA4E7HOX6MBSjZG7hyhm,Di Chopper,Shandesh; Mvzzle; Abi wa Mampela; Naleboy Young King,Shandesh Mvzzle Abi wa Mampela Naleboy Young King Di Chopper
655,2Ufc72Ojfx9lR30r5srBPB,Sdudla or Slender,Shandesh; Mvzzle,Shandesh Mvzzle Sdudla or Slender
656,51yPymXsGbEyh7InU6yRJP,Captain,BNXN,BNXN Captain
657,4FMfmvlC2DpXIQmpYpcdlC,Calculate,Kidd Carder,Kidd Carder Calculate
658,78lEwmE6xpWtwHhS8D9Fw2,Escaladizzy,Mavo; WAVE$TAR,Mavo WAVE$TAR Escaladizzy
659,4KZMoDuxwSYP63bhbnMqe3,Stronger,Young Jonn,Young Jonn Stronger
660,1gFri8sTiJFOBK8tlLck43,Frente al Mar - Ozuna Remix,Beéle; Ozuna,Beéle Ozuna Frente al Mar - Ozuna Remix
661,5deKzdaASFQRi4Pdcv7U73,BOMBÓN,KvndySwing; dgabanna,KvndySwing dgabanna BOMBÓN
662,3lMM7eyZ5SeYK1SoZCnmA4,Stay (feat. Gabzy),melvitto; Gabzy,melvitto Gabzy Stay (feat. Gabzy)
663,6CSbf15NZhlB39CAjDU16b,So it Goes,Black Sherif; Fireboy DML,Black Sherif Fireboy DML So it Goes
664,6Xf8PfUrnPoosRiAbNGnur,Can't Breathe,Llona,Llona Can't Breathe
665,4vLY6fJQWgBzQYHzguDZme,Forever (Remix),Gyakie; Omah Lay,Gyakie Omah Lay Forever (Remix)
666,5laAdwuT8EEvkIXrmrhRSB,System (feat. WizKid),Dave; Wizkid,Dave Wizkid System (feat. WizKid)
667,5JjQdivvXPrnjeEoxE16WD,Warning,Shandesh; Shebeshxt; King Salah; Kaycherlow NLL,Shandesh Shebeshxt King Salah Kaycherlow NLL Warning
668,4QdFYz1hjkDVDTqAKmIdOx,Ngibolekeni (feat. Seun1401, LeeMcKrazy, Blxckie, Pcee, Madumane & Kabelo Sings),DJ Maphorisa; Xduppy; Scotts Maphuma; Seun1401; LeeMcKrazy; Blxckie; Pcee; Madumane; Kabelo Sings,DJ Maphorisa Xduppy Scotts Maphuma Seun1401 LeeMcKrazy Blxckie Pcee Madumane Kabelo Sings Ngibolekeni (feat. Seun1401; LeeMcKrazy; Blxckie; Pcee; Madumane & Kabelo Sings)
669,2HHEf7l2CoYfwZyLOBXyjW,Empty Chairs (feat. Mick Jagger),Burna Boy; Mick Jagger,Burna Boy Mick Jagger Empty Chairs (feat. Mick Jagger)
670,0fIa6GhUgCdNZ9LVrkp5wS,Come Gimme,Burna Boy,Burna Boy Come Gimme
671,4eXb0vQK0syqsuLpj53C4J,Born Winner,Burna Boy,Burna Boy Born Winner
672,3vgvtiGZeVl1eclWWKWmvS,In Jesus Name,BNXN; Soweto Gospel Choir,BNXN Soweto Gospel Choir In Jesus Name
673,0SmcKaXjPCCK7nq0coN6B2,Gang,Ayo Maff; Seyi Vibez,Ayo Maff Seyi Vibez Gang
674,6L3uYiIWs6qO1guAz9CB1C,Runs Am,Famous Pluto,Famous Pluto Runs Am
675,7i4m8FybgjufzfvhO7gAKf,Wave,Asake; Central Cee,Asake Central Cee Wave
676,35kVPuCr0uZfkNEt5TlD9O,Alma,Zaider; Kapo,Zaider Kapo Alma
677,6NgjdJrK7Bpyvsm8yDtx4H,Godly,Omah Lay,Omah Lay Godly
678,5yplb3035SZqG3E6TArvGK,Trouble,melvitto; Gabzy,melvitto Gabzy Trouble
679,0w6Y7dbsjByFQ8C8LUktto,Banned From NO (with Nicki Minaj) - Remix,Lil Wayne; Nicki Minaj,Lil Wayne Nicki Minaj Banned From NO (with Nicki Minaj) - Remix
680,0VTNaBTD8WWpz0cW3dRR0g,ACTIN UP WITH SEXYY RED,Tommy Richman; Sexyy Red,Tommy Richman Sexyy Red ACTIN UP WITH SEXYY RED
681,5xvPXPOUITOU26irSi3XD5,Big Dawgs (Remix) [with A$AP Rocky],Hanumankind; Kalmi; A$AP Rocky,Hanumankind Kalmi A$AP Rocky Big Dawgs (Remix) [with A$AP Rocky]
682,5u9x7pvd4Kbhhhrpe53pRL,Dancing,Grigoré; Serve Cold; Jaguar Jaguar,Grigoré Serve Cold Jaguar Jaguar Dancing
683,29CvrDmscTVF9tD5Pyd8hQ,Magic In The Air,Francis Mercier; Magic System; Chawki,Francis Mercier Magic System Chawki Magic In The Air
684,659qsb8NZaTuNubJDk1gaD,Dlala Ka Yona (feat. Focalistic, Ricky Lenyora, Uncool MC & Mellow & Sleazy),DJ Maphorisa; Xduppy; Enny Man Da Guitar; Focalistic; Ricky Lenyora; Uncool MC; Mellow & Sleazy,DJ Maphorisa Xduppy Enny Man Da Guitar Focalistic Ricky Lenyora Uncool MC Mellow & Sleazy Dlala Ka Yona (feat. Focalistic; Ricky Lenyora; Uncool MC & Mellow & Sleazy)
685,0vXEmyZIMqLyfmssY29cjq,TaTaTa (feat. Travis Scott),Burna Boy; Travis Scott,Burna Boy Travis Scott TaTaTa (feat. Travis Scott)
686,39jEnShLT84S3EWjn00rrJ,Kabiyesi,Burna Boy,Burna Boy Kabiyesi
687,5prVT2iyY2M7cP1wqnNc7P,Cutesy,BNXN,BNXN Cutesy
688,2NQSSMmLLt33liE9HiBA9Z,Yes Sir,BNXN,BNXN Yes Sir
689,3x9DYVYPjglofHphO73maY,Eleyi,BNXN,BNXN Eleyi
690,6QLkRE9Px8RvInJGvms5X6,Soma Obi,Black Sherif,Black Sherif Soma Obi
691,1zi7xx7UVEFkmKfv06H8x0,One Dance,Drake; Wizkid; Kyla,Drake Wizkid Kyla One Dance
692,04QTmCTsaVjcGaoxj8rSjE,Know Your Worth (feat. Davido & Tems),Khalid; Disclosure; Davido; Tems,Khalid Disclosure Davido Tems Know Your Worth (feat. Davido & Tems)
693,4dvfxZKehPxpz3UZ7A5Fni,Yimmy Yimmy,Tayc; Shreya Ghoshal; Rajat Nagpal; Jacqueline Fernandez,Tayc Shreya Ghoshal Rajat Nagpal Jacqueline Fernandez Yimmy Yimmy
694,1N8G6PUj14v0VG8evbRSxp,Higher,Burna Boy,Burna Boy Higher
695,2H0w7oYDjUvgsFlNQ5swIg,Basquiat,Asake,Asake Basquiat
696,1eBS61fYNgOFTNdOVkyuJr,Anything,Davido,Davido Anything
697,5JIC3AqDuyFtva4oExpNcx,Believe,Super Flu,Super Flu Believe
698,3ZbWQHFEZGl77HC2a3berD,Baiana - Radio Edit,Space Motion,Space Motion Baiana - Radio Edit
699,5urzAWsnWOGUb6n9wC1mSj,Man on a Bench (Um Um Um),ConKi,ConKi Man on a Bench (Um Um Um)
700,54jyhwMPIyNaYABgKhWqvk,Lugar Favorito,BRAN; AFRONOM; Mannymore,BRAN AFRONOM Mannymore Lugar Favorito
701,4C2mYP71CTiM0PjZpqB4Cs,Sweet Love,Burna Boy,Burna Boy Sweet Love
702,70eeLy1MvQkk1Wh7ZO1AKM,Pardon,Burna Boy; Stromae,Burna Boy Stromae Pardon
703,1dKs7tZ3xfoDn2Ap7tgzRv,Ashimolowo,BNXN,BNXN Ashimolowo
704,3n7kzSJ246VvIe4lRmxV9X,Worldwide,Asake,Asake Worldwide
705,6IEYlownuHoYdpMikoyj58,Mentally,Asake,Asake Mentally
706,3I9ZSYQRkZdMgMPaSD5pwp,Kamari,G2 Beatzz,G2 Beatzz Kamari
707,4xNlMIBSdUd4py9z0ia2Wi,Me Pasa (Piscis),Bomba Estéreo; Rawayana; ASTROPICAL,Bomba Estéreo Rawayana ASTROPICAL Me Pasa (Piscis)
708,4bTinPC6ZWa6TKpR25tOOR,Luna,Wisin; Kapo,Wisin Kapo Luna
709,3TlghSCu53YEUigL9RuqnU,Déjame Entrar,Rauw Alejandro,Rauw Alejandro Déjame Entrar
710,45J4avUb9Ni0bnETYaYFVJ,luther (with sza),Kendrick Lamar; SZA,Kendrick Lamar SZA luther (with sza)
711,1KpBtWSI9dlv0RjtzvF1BD,Soco (feat. Wizkid, Ceeza Milli, Spotless & Terri),StarBoy; Wizkid; Ceeza Milli; Spotless; Terri,StarBoy Wizkid Ceeza Milli Spotless Terri Soco (feat. Wizkid; Ceeza Milli; Spotless & Terri)
712,0B3FovCVaGKS5w1FTidEUP,BROWN SKIN GIRL,Blue Ivy; SAINt JHN; Beyoncé; Wizkid,Blue Ivy SAINt JHN Beyoncé Wizkid BROWN SKIN GIRL
713,1YsGGtMNVuyvlq2enrwL35,Comforter,Llona,Llona Comforter
714,5PCOOngROV9jWsUViSy4Ed,Killin' It Girl (feat. GloRilla),j-hope; GloRilla,j-hope GloRilla Killin' It Girl (feat. GloRilla)
715,2n7RaPQ79YbjHlyBFYqm1V,Ma Lady,Tayc,Tayc Ma Lady
716,7Lgy23A9cl92VD0fNC0LiG,Update,Burna Boy,Burna Boy Update
717,2bd4mGioqIx2KUlLGB7rOo,So Much Sense,Gabzy; Fireboy DML,Gabzy Fireboy DML So Much Sense
718,0esYF9xrVgLdKPVAN0mrN4,Secure,Kizz Daniel; Zlatan,Kizz Daniel Zlatan Secure
719,3V6NCwBywAwpAlAyGL7h0p,Doudou,Aya Nakamura,Aya Nakamura Doudou
720,5hJcyuLIlIpOTDHtVeoh9S,Ethnica (Pasilda),Nico de Andrea; Vanetty; Afro Medusa,Nico de Andrea Vanetty Afro Medusa Ethnica (Pasilda)
721,1LzvTGwdQEnAy9OexQ3TYs,In My Life (Oh Ayah),Edward Maya; AFRONOM; vidi roca,Edward Maya AFRONOM vidi roca In My Life (Oh Ayah)
722,79VHKtRi11otZg0Bil7v1G,Feel The Love,andhim; AMÉMÉ; Malou,andhim AMÉMÉ Malou Feel The Love
723,0OMHMgH263gIrUcszYYivV,Emhlabeni (feat. Thatohatsi & Tracy),Kelvin Momo; Da Muziqal Chef; Thatohatsi; Tracy,Kelvin Momo Da Muziqal Chef Thatohatsi Tracy Emhlabeni (feat. Thatohatsi & Tracy)
724,1blpjqXA4y03pWHnDbhs9l,Bo Gogo (feat. Tracy & Thatohatsi),Kelvin Momo; Da Muziqal Chef; Tracy; Thatohatsi,Kelvin Momo Da Muziqal Chef Tracy Thatohatsi Bo Gogo (feat. Tracy & Thatohatsi)
725,6FXCkgH4PR9T15gx8osL5w,Change Your Mind (feat. Shaboozey),Burna Boy; Shaboozey,Burna Boy Shaboozey Change Your Mind (feat. Shaboozey)
726,6WO22RY0WWcN4yKcQb0h32,Update,Burna Boy,Burna Boy Update
727,0CbmiJiGy6sN4RJ75mJthR,Free Service,Shallipopi,Shallipopi Free Service
728,3tEzyNbV0BS9AS0HRSsy3Q,High Tension,Shallipopi,Shallipopi High Tension
729,3HdiLzN2f7VpCzBR0Zz3JP,Holy Water (feat. Victony & Musa Keys),Davido; Victony; Musa Keys,Davido Victony Musa Keys Holy Water (feat. Victony & Musa Keys)
730,5W2NXp5DIYj8Pb99rvKELG,R&B (feat. Shenseea & 450),Davido; Shenseea; 450,Davido Shenseea 450 R&B (feat. Shenseea & 450)
731,3mPG9R95ixuJOoLI8Dpele,No te olvidé,Iam Campillo,Iam Campillo No te olvidé
732,57E5FJTK2tLChMdztd4w02,Dios me oyó,Beéle; Marc Anthony,Beéle Marc Anthony Dios me oyó
733,7qNZLFVB86qiyRT9xFg0f4,PINACOLADA REMIX (feat. Beéle, Ayra Starr, 6LACK),Thisizlondon; Beéle; Ayra Starr,Thisizlondon Beéle Ayra Starr PINACOLADA REMIX (feat. Beéle; Ayra Starr; 6LACK)
734,3SAga35lAPYdjj3qyfEsCF,Feel It (From “Invincible”),d4vd,d4vd Feel It (From “Invincible”)
735,3BxzK9fgy9PwYg7Nrj2Dcu,LEFTRIGHT,Lizzo,Lizzo LEFTRIGHT
736,2REbaRuhstqXHA06wtdOMb,NUMBER ONE (feat. Minz),Himra; Minz,Himra Minz NUMBER ONE (feat. Minz)
737,1TvfZiJDDxAZgYjKyazZBe,Lover Boy (feat. Tayc & Dadju),Davido; Tayc; Dadju,Davido Tayc Dadju Lover Boy (feat. Tayc & Dadju)
738,2CvcJUV3IRsCZd59WOEgok,Tout gâcher,ZEG P; Anitta; Joé Dwèt Filé,ZEG P Anitta Joé Dwèt Filé Tout gâcher
739,4H4l7wkB7UcEMFvfIbGsuq,Karamo,Wizkid,Wizkid Karamo
740,4BJ83GHwyDFvw0HQfjOK1s,Body,Badscandal,Badscandal Body
741,7hVCMjcsJPgUMHUvN4dDKq,Kolomental,Victony,Victony Kolomental
742,2GwQ33xxkI5sVy8JOcMRVg,Lap of Gods (feat. Sam Welch),Benji; Sam Welch,Benji Sam Welch Lap of Gods (feat. Sam Welch)
743,2MSzTLwjCFUcGrxNFvU6pm,Mkhuzeni (feat. Da Muziqal Chef),Kelvin Momo; Babalwa M; Da Muziqal Chef,Kelvin Momo Babalwa M Da Muziqal Chef Mkhuzeni (feat. Da Muziqal Chef)
744,1F3J7D5byxTWbEyhpizptk,Uyaphapha Marn (feat. Scotts Maphuma & Kabelo Sings),TNK MusiQ; DJ Maphorisa; Seun1401; Scotts Maphuma; Kabelo Sings,TNK MusiQ DJ Maphorisa Seun1401 Scotts Maphuma Kabelo Sings Uyaphapha Marn (feat. Scotts Maphuma & Kabelo Sings)
745,34eKUydsaj9GeMTT1ybutO,Wishi Wishi (feat. Scotts Maphuma & Young Stunna),Kabza De Small; Vigro Deep; DJ Maphorisa; Scotts Maphuma; Young Stunna,Kabza De Small Vigro Deep DJ Maphorisa Scotts Maphuma Young Stunna Wishi Wishi (feat. Scotts Maphuma & Young Stunna)
746,0d1rbxaODhWDBLJ7ywooEj,Time,Wizkid,Wizkid Time
747,42Xw4kv2Wy75UugmQ4kv8P,Uhh Yeahh,Asake,Asake Uhh Yeahh
748,75c5cm8y5Fzb6aTZM3MOpN,Bahamas,Young Jonn,Young Jonn Bahamas
749,5HeW3DSp2lsfcXXRuJkZUy,Pray,Wizkid,Wizkid Pray
750,1Cek6PV24GtEk4GDWqFbCk,Asylum,Olivetheboy,Olivetheboy Asylum
751,13YKsJInLyGiJdEZEqqnzt,yo viendo,Ryan Castro,Ryan Castro yo viendo
752,1NKUaH2zobKBC8LIcUH0p0,Passoa,JHAYCO; Kapo,JHAYCO Kapo Passoa
753,2Wj5YuUfvbAOzA2kxRlnqi,Police,Kizz Daniel; Angelique Kidjo; Johnny Drille,Kizz Daniel Angelique Kidjo Johnny Drille Police
754,10MpBpx64MNixmUMNj7f6b,LATINA FOREVA,KAROL G,KAROL G LATINA FOREVA
755,5Z15WSSa7fvaPJZRI4OgDS,J'ai ce qu'il faut,Warren Saada; Dadju,Warren Saada Dadju J'ai ce qu'il faut
756,3rRKu7N2zRgb0pF9DLrrBI,by now,CKay,CKay by now
757,4PjAtEHN8MXgXFQwTxIWva,Contesto,Massuma; DOSAMIS,Massuma DOSAMIS Contesto
758,3HpcP2vx4Cp8ccunsWAB6F,Bundle By Bundle,Burna Boy,Burna Boy Bundle By Bundle
759,6SdOXf6GeUznBy3wI9orXC,CFMF,Davido,Davido CFMF
760,2WHM3orrvvqziSkG0xp8sy,Fuji Vibe,Asake,Asake Fuji Vibe
761,5obTyAhp9xms15FjibgrBy,Mood,Asake,Asake Mood
762,1sBX7EfLOgP3u6gHJBSqQg,Dumebi,Rema,Rema Dumebi
763,7vVs4XCsQyGn1Au3drvo9Z,Call Me Every Day (feat. Wizkid),Chris Brown; Wizkid,Chris Brown Wizkid Call Me Every Day (feat. Wizkid)
764,0niEvIhk3rjNTJHeNHN2Fn,À LA FOLIE,Genezio,Genezio À LA FOLIE
765,3kea45Zl41BwV83RxCxBbw,Mwah!,Lojay; Odeal,Lojay Odeal Mwah!
766,4hH9eVrAzlKR0jbLmHUkPD,Soji,Wizkid,Wizkid Soji
767,10OmeI0uRJArozB5QpnQke,Tek Buddy,Skeete,Skeete Tek Buddy
768,0V9hYbo9uL11hqLP3u0yqA,Babylon,Patoranking; Victony,Patoranking Victony Babylon
769,0xoYZ45fgTfyQYREZPN7Sa,You & Me - Rivo Remix,Disclosure; Eliza Doolittle; Rivo,Disclosure Eliza Doolittle Rivo You & Me - Rivo Remix
770,6j13gtaP8VAmDgOHkh89d4,Kuya,RUSH AVENUE,RUSH AVENUE Kuya
771,0NLRYW9HyqHcbyzfAwskKN,Yebo Lapho (Gogo) (feat. DJ Maphorisa & Djy Biza),Felo Le Tee; Scotts Maphuma; Thabza Tee; DJ Maphorisa; Djy Biza,Felo Le Tee Scotts Maphuma Thabza Tee DJ Maphorisa Djy Biza Yebo Lapho (Gogo) (feat. DJ Maphorisa & Djy Biza)
772,0YgAGCU3kDEMTvndL9u3Tw,Lagos,Seyi Vibez,Seyi Vibez Lagos
773,20pQ2kEbJnMO8nQx0oFfyg,PRITI PRITI,Mack H.D; Kobi Jonz,Mack H.D Kobi Jonz PRITI PRITI
774,1dmES1X8l1AnFBy2gR3wYA,Jerusalema (feat. Burna Boy & Nomcebo Zikode) - Remix,Master KG; Nomcebo Zikode; Burna Boy,Master KG Nomcebo Zikode Burna Boy Jerusalema (feat. Burna Boy & Nomcebo Zikode) - Remix
775,7zI5s2IH4xVTzBfI7lNWT8,TEST (feat. AJ Tracey),Aitch; AJ Tracey,Aitch AJ Tracey TEST (feat. AJ Tracey)
776,2oTFuT1tKLHlTJsnBSJJiN,FTCU (feat. Travis Scott, Chris Brown & Sexyy Red) - SLEEZEMIX,Nicki Minaj; Travis Scott; Chris Brown; Sexyy Red,Nicki Minaj Travis Scott Chris Brown Sexyy Red FTCU (feat. Travis Scott; Chris Brown & Sexyy Red) - SLEEZEMIX
777,6c5Acg0PycVeEolq6zuJ9w,Samedi soir,Jeady Jay,Jeady Jay Samedi soir
778,6Sq7ltF9Qa7SNFBsV5Cogx,Me Porto Bonito,Bad Bunny; Chencho Corleone,Bad Bunny Chencho Corleone Me Porto Bonito
779,5mjxSIPHAMNk40q0nON5Cb,Komasava (Comment Ça Va),Diamond Platnumz; Khalil Harrison; Chley,Diamond Platnumz Khalil Harrison Chley Komasava (Comment Ça Va)
780,5CUVCOC6mnZoBFqdkdYrDH,No Fit Vex,Burna Boy,Burna Boy No Fit Vex
781,4kar5EtR271EvY3FIFsnJP,Makeda,Alice DiMar,Alice DiMar Makeda
782,28YQJfxcZyuvdsNrDLDbik,Skill Of Love,Alex Wann; Shimza,Alex Wann Shimza Skill Of Love
783,1dIgMBhevUWAxpJr5WRUh3,Skin,EMOTIONAL; Eleonora,EMOTIONAL Eleonora Skin
784,4UHPdV0a90USlUxUgnXIU2,Told You,Kiko Franco; Moser; Dyve,Kiko Franco Moser Dyve Told You
785,1gM44tVZ9pfUe9v35Stp31,Kwelanga 2.0 (feat. Tman Xpress & LeeMcKrazy),Bassie; M-Touch; Ranger; Amaza; LeeMcKrazy; Tman Xpress,Bassie M-Touch Ranger Amaza LeeMcKrazy Tman Xpress Kwelanga 2.0 (feat. Tman Xpress & LeeMcKrazy)
786,4zZxynw8cwhCRlDl9pay2f,Diqabang,Khathapillar; Sol Phenduka; Smash SA; Kamoh Xaba,Khathapillar Sol Phenduka Smash SA Kamoh Xaba Diqabang
787,59g8NvulzCJ2f9qjCu563T,MARCH AM,Rema,Rema MARCH AM
788,4Mq3cWI9k0DO9sMe6Ylqr2,My Heart,Asake,Asake My Heart
789,0YgtgUHRS8vC9bytCETMZB,Jesus Christ 2,AratheJay; Black Sherif,AratheJay Black Sherif Jesus Christ 2
790,5JGGx9Lv5VqXSGsuiOtIfZ,Puul,Lasmid,Lasmid Puul
791,2khv04F26pnJr4989Maowi,Twe Twe,Kizz Daniel; Davido,Kizz Daniel Davido Twe Twe
792,0oljDKpgyXOneK8YjJnHdZ,LOVE OR LAMBA,Kobi Jonz,Kobi Jonz LOVE OR LAMBA
793,0WheF6yGnxE4gzGg8ScAji,Superfuji(GOBE),oSHAMO,oSHAMO Superfuji(GOBE)
794,000N4CJL8IjQ0f2I4grgBO,Girl Next Door,Tyla; Ayra Starr,Tyla Ayra Starr Girl Next Door
795,1UM3RVanAaakxcx9GkfNTL,KOLO (feat. Oxlade),Ice Prince; Oxlade,Ice Prince Oxlade KOLO (feat. Oxlade)
796,2AaZJAh9FifPCQdba87Hzr,Body & Soul,Joeboy,Joeboy Body & Soul
797,0dI8174H04ATp4iEw0WkrT,Sthandwa Sam (feat. BelloM, Epic DJ, DJ Seneath & X-Morizo),2Point1; BelloM; EPIC DJ; DJ Seneath; X-Morizo,2Point1 BelloM EPIC DJ DJ Seneath X-Morizo Sthandwa Sam (feat. BelloM; Epic DJ; DJ Seneath & X-Morizo)
798,6PJNuJwkvzKammMxgrRxkU,Ligali,Asake,Asake Ligali
799,2dZ0GjY40Y2OYzRaiD8yYq,So it Goes,Black Sherif; Fireboy DML,Black Sherif Fireboy DML So it Goes
800,570Q5CgBICftKsge5bPBDx,todavíA,Boza; Greeicy,Boza Greeicy todavíA
801,5C3vZiMOn2KHMbNQOhL6oQ,No Stress,Wizkid,Wizkid No Stress
802,6oi6AAmRd2IbanRMQZC39J,Hypé (feat. Ayra Starr),Aya Nakamura; Ayra Starr,Aya Nakamura Ayra Starr Hypé (feat. Ayra Starr)
803,1fl2s61uhH6Ob4bU6f8TMT,Alhaji,Tekno,Tekno Alhaji
804,4kiU104Ut3D1z3slHtIZFB,PURR,Shoday; Ayo Maff,Shoday Ayo Maff PURR
805,15NVnnLI5oXQSw10lKrR51,Kilometre,Burna Boy,Burna Boy Kilometre
806,4Lk9PYDhAucTZMyccvt66Z,Tested, Approved & Trusted,Burna Boy,Burna Boy Tested; Approved & Trusted
807,4ODbxG2eUII8zr1Z6TEdse,Young And Beautiful,Make it Maks; Danna Max; PACANI,Make it Maks Danna Max PACANI Young And Beautiful
808,20OH7wRKCLelkw3J0bl5Oo,How Deep Is Your Love,MetaBoy; Afro Queen; Izabela,MetaBoy Afro Queen Izabela How Deep Is Your Love
809,4BGbzOXgQqfhHUeqSJ1x9E,Somebody’s Watching Me,ItsArius; Lynnic; Dinia,ItsArius Lynnic Dinia Somebody’s Watching Me
810,6hqel7QjWBsjk1LJG6J0pD,Funk 99,Shakes & Les; LeeMcKrazy,Shakes & Les LeeMcKrazy Funk 99
811,74tI5k2JSmmmoD6RjdTDpV,OLOLUFE MI,Jux; Diamond Platnumz,Jux Diamond Platnumz OLOLUFE MI
812,6FZlSfQrD9aoB4SSnoAzWk,ASAP,Shallipopi,Shallipopi ASAP
813,7jaot4TU3RWNZVscwAsKLA,Woman Commando (feat. Anitta & Coco Jones),Ayra Starr; Anitta; Coco Jones,Ayra Starr Anitta Coco Jones Woman Commando (feat. Anitta & Coco Jones)
814,5FxlRNsUFstHTDT29A1Cuh,Skating,Asake,Asake Skating
815,1bjeWoagtHmUKputLVyDxQ,Saturn,SZA,SZA Saturn
816,7AOKR43gFlnEphVivfm4Hj,Sweet Love,Burna Boy,Burna Boy Sweet Love
817,37SR66nUcBynhOqSmZx3Xt,Selena,LeoStayTrill,LeoStayTrill Selena
818,2i8qZfW5H5xCG3YJBqZ0ZA,NEW MISTAKES,Lizzo,Lizzo NEW MISTAKES
819,2jqOvtJYWZbu2YaUdDYAXj,Powerbank,Tekno,Tekno Powerbank
820,0W7N6YFobg7uRj861243Rq,Offa Me (feat. Victoria Monét),Davido; Victoria Monét,Davido Victoria Monét Offa Me (feat. Victoria Monét)
821,4MGtTXaggDrYal3andtYxP,Katam (feat. Bien),Diamond Platnumz; Bien,Diamond Platnumz Bien Katam (feat. Bien)
822,71d4wliLLDL2fhUcwalp11,Mukutu,Reekado Banks,Reekado Banks Mukutu
823,1ow7Ba2FNoV1JNG5kQkWN2,Kini Issue,Runtown,Runtown Kini Issue
824,1kyYCsP2NRZEKkBg9wcF2c,Who Is Your Guy?,Spyro,Spyro Who Is Your Guy?
825,7JVUJLsVXysVpSWChbnz9I,10 Toes (feat. Omah Lay),King Promise; Omah Lay,King Promise Omah Lay 10 Toes (feat. Omah Lay)
826,3ceZIRUX8m8qFFcnEDkj2K,Holiday,Rema,Rema Holiday
827,4Pyng2GRqbQe4ElWkcendQ,Barcelonia,Nathan Rux; LuxNite; feva.,Nathan Rux LuxNite feva. Barcelonia
828,5uxzcaOKTqgUf6E9KXftKz,On My Body,Tyla; Becky G,Tyla Becky G On My Body
829,0RHdQDaqgDwsXQujji1TSn,I Swear,Asake,Asake I Swear
830,3NbhGCx2XzyxwzL8YT8rCU,Oblee (Remix),Dj Yk Mule; Slimcase; Kashcoming; Qdot,Dj Yk Mule Slimcase Kashcoming Qdot Oblee (Remix)
831,1wfIqsTXmMVtZxYk8uWxGa,AWAY,Oxlade,Oxlade AWAY
832,2DmALIEmzfK4QDi6yg26Hh,Ohnana (feat. Farruko & Nicky Jam) - Remix,Kapo; Maluma; Ryan Castro; Farruko; Nicky Jam,Kapo Maluma Ryan Castro Farruko Nicky Jam Ohnana (feat. Farruko & Nicky Jam) - Remix
833,29PXxvSTsUGIhd8782WUhx,SAFE,PapaRaZzle; Mack H.D; Keziah,PapaRaZzle Mack H.D Keziah SAFE
834,3SAacqnIY8kK9McSIRC9Rv,YOU AND ME,PapaRaZzle,PapaRaZzle YOU AND ME
835,7k6IzwMGpxnRghE7YosnXT,Me & U,Cassie,Cassie Me & U
836,1yeB8MUNeLo9Ek1UEpsyz6,Rich Baby Daddy (feat. Sexyy Red & SZA),Drake; Sexyy Red; SZA,Drake Sexyy Red SZA Rich Baby Daddy (feat. Sexyy Red & SZA)
837,4B7GPM8MFkJIDhJbYzFSmE,COL4 BODY (feat. Tiggs Da Author),Aitch; Tiggs Da Author,Aitch Tiggs Da Author COL4 BODY (feat. Tiggs Da Author)
838,57wp7VFnV8X0pSVnYArGeJ,Whatever She Wants,Bryson Tiller,Bryson Tiller Whatever She Wants
839,4GlUBqfPOLCPirtduhOkwz,Story,Fireboy DML; Take A Daytrip,Fireboy DML Take A Daytrip Story
840,2NMjggapJcXXM7WccGEBUO,Enséñame a Bailar,Bad Bunny,Bad Bunny Enséñame a Bailar
841,6HGeYNFZe51bX0yYOXuvcO,Make Way,Ruger,Ruger Make Way
842,17355cMWlYjMTOmYk1MKZb,More Bongo Please,Louis Bongo; Kamau Abayomi,Louis Bongo Kamau Abayomi More Bongo Please
843,6DF1vTNnA3G4GlNxmVT4wT,Sunshine - Edit,Lavern,Lavern Sunshine - Edit
844,4GxZKOak4mz6VmMJUmO4Is,Manzi Nte (feat. Masterpiece YVK, Ceeka RSA, M.J, Silas Africa & Al Xapo),Tyler ICU; DJ Maphorisa; Masterpiece YVK; Ceeka RSA; M.J; Silas Africa; Al Xapo,Tyler ICU DJ Maphorisa Masterpiece YVK Ceeka RSA M.J Silas Africa Al Xapo Manzi Nte (feat. Masterpiece YVK; Ceeka RSA; M.J; Silas Africa & Al Xapo)
845,54ECqpyhrGsp2uwdeSAPqF,On The Low,Xtofa,Xtofa On The Low
846,7krvWOVJSMcj3LHuxygzLh,Too Late,Wendy Shay,Wendy Shay Too Late
847,4aD5a55jZxiNmUjxSztekD,CUT YOU OFF,PapaRaZzle; Mack H.D,PapaRaZzle Mack H.D CUT YOU OFF
848,2tZdH1Ikx2dao357DOCAdV,KPA,VASA,VASA KPA
849,2gCEsaKvuL8FrVcBzimC7P,Be Easy - Nikko Mad Mix,General Soundbwoy; Urban Love; Nikko Mad,General Soundbwoy Urban Love Nikko Mad Be Easy - Nikko Mad Mix
850,5QdTZO8YLH3KESTPPZ0lW6,Olufunmi Reimagined,Id Cabasa; ODUMODUBLVCK; Fireboy DML; Boj; Joeboy,Id Cabasa ODUMODUBLVCK Fireboy DML Boj Joeboy Olufunmi Reimagined
851,5KzwhUeX1NLn3xJdT2ixxI,Shake It Fast (Prod. THE HUB),Saweetie,Saweetie Shake It Fast (Prod. THE HUB)
852,52ceILmHmaBcD8DyVSgG1U,Hands On Knees,LeoStayTrill; K-Trap,LeoStayTrill K-Trap Hands On Knees
853,46FW3Liu7MUD6yrmhPXc5C,Lately (feat. Ruger),Maleek Berry; Ruger,Maleek Berry Ruger Lately (feat. Ruger)
854,73dICKKEByYyyzv34ohD5e,Ten Times,Young Jonn,Young Jonn Ten Times
855,6mrs3TiZ3fnUnJu72OkCrG,One Night,Maleek Berry,Maleek Berry One Night
856,53PewZvhksjF9EynzsBnAR,La La (feat. Ckay),Davido; CKay,Davido CKay La La (feat. Ckay)
857,05RTjnxD40oftexk9ihjTs,Beba,Rose Caviar,Rose Caviar Beba
858,1uocWi1fMR0GHOJQNGU0Bi,RUMBLE,RUSH AVENUE,RUSH AVENUE RUMBLE
859,0eHv3gOF9eslSleU89ZadE,Till the Morning Comes,Blaze U; feva.; MVNA; Chris Crone,Blaze U feva. MVNA Chris Crone Till the Morning Comes
860,6Z3TackFYDr41wDXgfKAkB,SOLONELY,Abraham Mateo,Abraham Mateo SOLONELY
861,4ilVnBX3jLEEdkRwRWEA4A,TIME,Shine TTW,Shine TTW TIME
862,61Fgo7az4lKB2sVPxhoCCO,PON MY MIND,Bolu Ajibade,Bolu Ajibade PON MY MIND
863,4RwmCGfqGRF0n9InbkuMsB,Toot It Up,Pardison Fontaine; Cardi B,Pardison Fontaine Cardi B Toot It Up
864,26kAi1xqNXUwjRmYdmHNgG,Bells,Lil Wayne,Lil Wayne Bells
865,7iabz12vAuVQYyekFIWJxD,BAND4BAND (feat. Lil Baby),Central Cee; Lil Baby,Central Cee Lil Baby BAND4BAND (feat. Lil Baby)
866,3xYkZkwCIcolLD1Y8j9144,On se comprend (Musique originale inspirée du film "Indomptables"),Fally Ipupa; KLN; Merveille; Dany Synthé,Fally Ipupa KLN Merveille Dany Synthé On se comprend (Musique originale inspirée du film "Indomptables")
867,5QT8vKUxzP90FDio8JTk4e,Mannequin,Louzio,Louzio Mannequin
868,2XO3e2an4hrrEHsUU6zje3,Mind and Body,Mannymore; feva.; Orfa,Mannymore feva. Orfa Mind and Body
869,3x1cJJJuwuJnzRuv7rrAnH,Ilesa,Tiwoan & Lance,Tiwoan & Lance Ilesa
870,5Ny5Vo24rjcaelgakGOBJ8,AJEBO HUSTLERS (with Ajebo Hustlers & DanDizzy),ODUMODUBLVCK; Ajebo Hustlers; DanDizzy,ODUMODUBLVCK Ajebo Hustlers DanDizzy AJEBO HUSTLERS (with Ajebo Hustlers & DanDizzy)
871,1tBfoI9tFVl8ampIRG4eTr,Very Soon,Fameye,Fameye Very Soon
872,6dsDpY2pE4Xge9JHm8IXol,En Tu Marea,Goyo; Greeicy,Goyo Greeicy En Tu Marea
873,3fjN3y5x4hN53rykAN2LHQ,cómo dormiste?,Rels B,Rels B cómo dormiste?
874,60u6hcpH5Qm1M3xESdNBrB,frente al mar,Beéle,Beéle frente al mar
875,3Vo4wInECJQuz9BIBMOu8i,Finesse - Remix; feat. Cardi B,Bruno Mars; Cardi B,Bruno Mars Cardi B Finesse - Remix; feat. Cardi B
876,7z7kvUQGwlC6iOl7vMuAr9,Dancing In The Flames,The Weeknd,The Weeknd Dancing In The Flames
877,3DvzYWNYYrixsXTXV2t8pA,Touch It - Remix,KiDi; Tyga,KiDi Tyga Touch It - Remix
878,5tUB2wLW8Cm7yovnJMNjNK,DON'T GO,Josh Levi,Josh Levi DON'T GO
879,1dm6z1fWB0cErMszU25dy2,Después de la Playa,Bad Bunny,Bad Bunny Después de la Playa
880,5kVZxyMY1gfdCLiChsfjn1,Yo No Soy Celoso,Bad Bunny,Bad Bunny Yo No Soy Celoso
881,5PhThXEC5fVIbjwUhFc0Z3,Common Person,Burna Boy,Burna Boy Common Person
882,36bfmJ0xpOO7VZmFx60U8l,Ulale,feva.; Isidoros,feva. Isidoros Ulale
883,7IPofMltmVFlF1XwrnpZ8A,Anikana-O,The Deepshakerz; Lexa Hill; Afrika System,The Deepshakerz Lexa Hill Afrika System Anikana-O
884,7JNPhwzFNg4pb7wZqfR5ms,MKK (feat. CowBoii, djygubzin.live & Ranger),KMAT; CowBoii; Gubziin; Ranger,KMAT CowBoii Gubziin Ranger MKK (feat. CowBoii; djygubzin.live & Ranger)
885,3h5TiWTqGxjSjFrbruPFH9,Praise Jah In The Moonlight,YG Marley,YG Marley Praise Jah In The Moonlight
886,6gHUiXF4BiJ9d7biTNmdKR,The Mood,Timaya,Timaya The Mood
887,16uuguJjHf7d7gyxpnGwOn,Fire,AratheJay; Bella Shmurda,AratheJay Bella Shmurda Fire
888,4OE0KrJtQYCMV5f5ddmW5g,Agyekum,Kweku Smoke,Kweku Smoke Agyekum
889,4PPjesO0Xyf0unsdHAL4h8,Kilos Milos,Black Sherif,Black Sherif Kilos Milos
890,4RPeZbmVON5ZKT5HC9wALt,morena,Beéle,Beéle morena
891,6oF3DjmH2FjC3EFvqJlpHU,if u down to ride,Kobi Jonz,Kobi Jonz if u down to ride
892,7wepqmAk99KNtpfxrX3CBT,Mi Casa,Anuolu,Anuolu Mi Casa
893,4TVmM3vQLGEavTY1DJapYT,Comment Faire,Mack H.D; Night Myl,Mack H.D Night Myl Comment Faire
894,7gafxJvox7DDFs3R1dByQH,ONOME,Odeal,Odeal ONOME
895,4sCCgLTynVgwC5kwEOW1J4,Go Low,L.A.X,L.A.X Go Low
896,6UeS6EUhKBBEyZsEYE35rf,Turn Around,Jermaine Dupri; T.I.; Young Dro; 2 Chainz,Jermaine Dupri T.I. Young Dro 2 Chainz Turn Around
897,1Ql7KFG7eJPORSppQT8rC2,sound like (feat. Ty Dolla $ign),310babii; Ty Dolla $ign,310babii Ty Dolla $ign sound like (feat. Ty Dolla $ign)
898,3QaKunnZFIDbzLg6OsKAXA,Go Bestfriend,Bino Rideaux; Blxst,Bino Rideaux Blxst Go Bestfriend
899,2TuVErkUG3BdQR0dsbtakg,OMG! (From F1® The Movie),Tiësto; Sexyy Red; F1 The Album,Tiësto Sexyy Red F1 The Album OMG! (From F1® The Movie)
900,79VtonGgvoyENawzktwOrt,Ballon d'or,SenSey'; RK,SenSey' RK Ballon d'or
901,24ULbF2UnOeMbkmkGriTBc,Petite,NSG,NSG Petite
902,1tKsfYB65Kz74yk0HMCdcH,Running,Ayra Starr; Lojay,Ayra Starr Lojay Running
903,4HDC7Mo6uLTujRvHymiXDf,Mwaki,Zerb; Sofiya Nzau,Zerb Sofiya Nzau Mwaki
904,0r3nMF80NSIuPIxeod4aoG,Beso (Fruta Fresca),Wakyin; Carlos Vives,Wakyin Carlos Vives Beso (Fruta Fresca)
905,43heTUpqTPKcFZfxyNnPF5,Lokole,Emmanuel Jal; MANU (UK); Shammalee,Emmanuel Jal MANU (UK) Shammalee Lokole
906,2qeFDoI9emM2D6ZyyRvbFu,Underdogg,Two Tapp,Two Tapp Underdogg
907,1KpHX3zexEHvYTw0dSyfgF,Xola,Msongi; Cici; Sir Trill; Dot Mega,Msongi Cici Sir Trill Dot Mega Xola
908,4XfiPAgoZUUhPjH26o98un,See,ISHA,ISHA See
909,5lg40x4Lsv0vOIHXW6tBrr,Burn Me Up,BOLA BMH; TAR1Q,BOLA BMH TAR1Q Burn Me Up
910,3LuSjVLN13xR6WO01Mv5ta,Shut Up,Black Sherif,Black Sherif Shut Up
911,4IxAbO2TlNdylq7JPBHX41,Un Trip,Key-Key,Key-Key Un Trip
912,4oeH9c9ca6CS2xHytLLRnP,JABO,Boj; ODUMODUBLVCK,Boj ODUMODUBLVCK JABO
913,1F7xMfEowsK6i0kODlO0Xl,Roma (feat. Terri),Wizkid; Terri,Wizkid Terri Roma (feat. Terri)
914,23EDUpNbiKcDwhUf9kBRo8,Bad Girls Like You,Tobii,Tobii Bad Girls Like You
915,1SqZQtdU1OmTkeinAoC7II,LOUD!,Aitch,Aitch LOUD!
916,03jGFqmsLt2BLWcbA4Vx5E,Different Type of Love (feat. Masicka),Mahalia; Masicka,Mahalia Masicka Different Type of Love (feat. Masicka)
917,7mOC6phfrfz3jfigg1aGsE,Wanna Be (with Megan Thee Stallion),GloRilla; Megan Thee Stallion,GloRilla Megan Thee Stallion Wanna Be (with Megan Thee Stallion)
918,0qNgxeW3EHbX5XjkBS4Dlh,I Feel So Bad,kulturr,kulturr I Feel So Bad
919,2GVeh0VTzmdRKQ1VDie5zT,It Is What It Is,Adekunle Gold,Adekunle Gold It Is What It Is
920,59sAr7NvZDeH7oYrkiyZcQ,Aquafina,Young Jonn,Young Jonn Aquafina
921,2itSDciw0sMV425dyXVAHJ,Emiliana,Centyes; Notscandal,Centyes Notscandal Emiliana
922,4DzMHMREYvyb3L5JrE0YAt,HEHEHE,Rema,Rema HEHEHE
923,5eEujB7GCM34vovJBGCU50,Cheat On You,KiDi; Gyakie,KiDi Gyakie Cheat On You
924,53ZyjcAefL9uRYtDFes78m,Gymnastic,KiDi; Olivetheboy; KOJO BLAK,KiDi Olivetheboy KOJO BLAK Gymnastic
925,4LN7BAe5snUpAqFffvxQZE,Bend,Olivetheboy; Sarkodie,Olivetheboy Sarkodie Bend
926,6J15TPJ9gqWlXoo19whxpV,Favourite Story,King Promise; Sarkodie; Olivetheboy,King Promise Sarkodie Olivetheboy Favourite Story
927,5Eoh9sl1hky2TxnVVpeZcG,Pana,Tekno,Tekno Pana
928,6PAUpFtsi9a28wHpCfUyGs,FEEL,Bolu Ajibade,Bolu Ajibade FEEL
929,4WhAWpdYdHnNSIBSCYfNzL,Blessed,Space Afro,Space Afro Blessed
930,3CYYyk8Pr0VAXoWqhwriOw,Runaway,Mack H.D; Bolu Ajibade,Mack H.D Bolu Ajibade Runaway
931,7byAZG2J1zIQSQxm5Ewxyl,Dumb,Tyga; Big Sean; Flo Milli,Tyga Big Sean Flo Milli Dumb
932,4M082K96l3IvqF2HBCMxSG,High or What (feat. Quavo),Rob49; Quavo,Rob49 Quavo High or What (feat. Quavo)
933,0GtkFcwZrNVpkPOavG1gfZ,MEGA MONEY MEGA,Tiwa Savage,Tiwa Savage MEGA MONEY MEGA
934,2zHalMMFk6lrhUUAhXFR4X,Jabole,SPINALL; Ycee; Oxlade,SPINALL Ycee Oxlade Jabole
935,0vyg6EqfMiu45hQzFmi0YF,Want You,Oxlade,Oxlade Want You
936,0RGGAP5gpvToJyUZbiEcXO,Bloody Samaritan (with Kelly Rowland) - Remix,Ayra Starr; Kelly Rowland; Loud Urban Choir,Ayra Starr Kelly Rowland Loud Urban Choir Bloody Samaritan (with Kelly Rowland) - Remix
937,1oGrLEdtViIzZ2hNPbR1fL,From Up Above,Twinjabi,Twinjabi From Up Above
938,31kxPC3ZB9AYwCLyHaqEVX,Me & U,Tems,Tems Me & U
939,3Aq8OvogNStehUPJcNDEZT,Dey Play,Burna Boy,Burna Boy Dey Play
940,49GpUfc9M09eGET6yBJUAj,Gorah,Nitefreak; Emmanuel Jal,Nitefreak Emmanuel Jal Gorah
941,4foPE26gCg9uNJKTV8Mi4C,ZENZELE (feat. Royal MusiQ, Uncool MC, Xduppy, & CowBoii),Uncle Waffles; Royal MusiQ; Uncool MC; Xduppy; CowBoii,Uncle Waffles Royal MusiQ Uncool MC Xduppy CowBoii ZENZELE (feat. Royal MusiQ; Uncool MC; Xduppy; & CowBoii)
942,64e1w4LMyXcTLCFzR3xCRX,Mfazi Wephepha (feat. Big Zulu & Zee Nxumalo),Wanitwa Mos; Nkosazana Daughter; Master KG; Big Zulu; Zee Nxumalo,Wanitwa Mos Nkosazana Daughter Master KG Big Zulu Zee Nxumalo Mfazi Wephepha (feat. Big Zulu & Zee Nxumalo)
943,7jvBgwYzMd3SHzG2F0Isez,Cocoa Butter,Chop Daily; The Majeek,Chop Daily The Majeek Cocoa Butter
944,3o24yEM5aaiJIkJvdVmOH8,Oroma,Afrobeats Central; Minz,Afrobeats Central Minz Oroma
945,5rhNUBzRK0wxIoUhNZgKDL,Ko Won Je,Afrobeats Central; Söulaar,Afrobeats Central Söulaar Ko Won Je
946,3LoWvPr9oYKqWGFS7fg4vp,Miami,Dreycee; Joda,Dreycee Joda Miami
947,1CMYChZ4g77MGPlS0JZnZI,One - A COLORS SHOW,Black Sherif; COLORS,Black Sherif COLORS One - A COLORS SHOW
948,1Es7AUAhQvapIcoh3qMKDL,Timeless (feat. Playboi Carti),The Weeknd; Playboi Carti,The Weeknd Playboi Carti Timeless (feat. Playboi Carti)
949,4keuUM29CtIWgsPRzRhXoW,WOKE UP,XG,XG WOKE UP
950,6m5cyVx8qLqu69MFiBVnMI,ROCKIN,Shoreline Mafia; OHGEESY; Fenix Flexin,Shoreline Mafia OHGEESY Fenix Flexin ROCKIN
951,12ETuEC0kPFjRuQokNZRjr,Nanani,Maud Elka,Maud Elka Nanani
952,44FzVABpR2cciquTqADA0D,Lisa,Young Miko,Young Miko Lisa
953,1H2IEdM9irHOk4YTQTgRxE,Coming,Naira Marley; Busiswa,Naira Marley Busiswa Coming
954,4105eJHPqLaEDmdCo6qUUq,Kolo Kolo,Patoranking; Diamond Platnumz,Patoranking Diamond Platnumz Kolo Kolo
955,1ZL3SqTuxX5YtB2J3vFFVm,Wanko,BAYÉ,BAYÉ Wanko
956,1aRd5tMVhiRyMJLmSOg2IF,The Boy Is Mine,James Mac; Vall; Rosalie,James Mac Vall Rosalie The Boy Is Mine
957,0Ra2JEiYVrZwDyyNzMWKmQ,Omo To Sexy,BLNDE,BLNDE Omo To Sexy
958,0loed0wiAcjsjTV6bMowiz,Fall,G2 Beatzz,G2 Beatzz Fall
959,6678acn5h2wP7INBQ2WLH7,Alhaji Popping,AratheJay,AratheJay Alhaji Popping
960,3KybqFROlrZOhTwyrByBPV,Favourite Story,King Promise; Sarkodie; Olivetheboy,King Promise Sarkodie Olivetheboy Favourite Story
961,1b89rnIq9nhaVwzWzRvuwk,Loba,Micro TDH,Micro TDH Loba
962,1z9Tl9fBSWK4fX17KsRkU0,4x2x16,Ric Hassani; Portable,Ric Hassani Portable 4x2x16
963,6QCHpnMTgQqDtCAkgE3txC,Tu es qui,Neaj; Stelair,Neaj Stelair Tu es qui
964,71D1RL1SFQzYQcWk9oBepB,Comment Faire - Sped Up,Mack H.D; Night Myl,Mack H.D Night Myl Comment Faire - Sped Up
965,5GzOJHBBaLnLjL0nnNJV7N,Ready,Monsoon; Space Afro,Monsoon Space Afro Ready
966,2UNdr8gnOQrVkSmLDeC59w,Selema (Po Po),Musa Keys; Loui,Musa Keys Loui Selema (Po Po)
967,0uAmR0yTDNAaXA5jPGOrir,HOLLYWOOD,YG; Shoreline Mafia,YG Shoreline Mafia HOLLYWOOD
968,4einxxnYgyAqINv83N6OJf,Falling In Love,Good Nation; Emma'a; Teni,Good Nation Emma'a Teni Falling In Love
969,0UvZcEfpzVyx47QsRbjyBz,El Apagón,Bad Bunny,Bad Bunny El Apagón
970,6kxo2n2WY48fAhLuiwYOAb,Sere - Remix,SPINALL; Fireboy DML; 6LACK,SPINALL Fireboy DML 6LACK Sere - Remix
971,3YDpNeEJJPSnuge3Y09Fsh,UMAMA Owangizalayo (Piano Remix 2.0),Ama Grootman; Da Mabusa,Ama Grootman Da Mabusa UMAMA Owangizalayo (Piano Remix 2.0)
972,2BItRfxvpOoXXi7PBpyIfr,High Vibration,Enaky; 1da Banton,Enaky 1da Banton High Vibration
973,0irafOSuA00d9de65WMHL5,Obasanjo,Mackgee,Mackgee Obasanjo
974,22d0qL76D5dD50yUjsFjTZ,AZAMAN,Rema,Rema AZAMAN
975,3CqYU4M2gHSXybegYvquPo,Do Better,Kuami Eugene,Kuami Eugene Do Better
976,77ONkiqtYonB8lpKSIbc6F,JAILER (feat. Victony),Sarkodie; Victony,Sarkodie Victony JAILER (feat. Victony)
977,3IEUAkhsrEpWLFDPasBKzj,Coincidimos,Ivy Queen; Nanpa Básico,Ivy Queen Nanpa Básico Coincidimos
978,3Lim6YZ7Yy889MQdFEtKHe,R4MOS,Yapi,Yapi R4MOS
979,6zC0u6gtE8yEEpwDe2boK8,International Lovin,Mack H.D; Princess Wonda,Mack H.D Princess Wonda International Lovin
980,2AYjnv47XVccCzv2ehzFNb,You Trap Me,General Soundbwoy; Nikko Mad,General Soundbwoy Nikko Mad You Trap Me
981,4QXfHYZA1No0EJUOeJWrOB,Tete,Crayon,Crayon Tete
982,7eecj1HXy8EbnkknaQiaRC,Nobody - Bloody Civilian Remix,Charlie Jeer; Bloody Civilian,Charlie Jeer Bloody Civilian Nobody - Bloody Civilian Remix
983,3I3JCtkBC9iEDUQKdZFDeF,GFU,Tyga; Mike Sherm,Tyga Mike Sherm GFU
984,0AoBY2Y3qs6dtGgOD6c91N,Alone,Burna Boy,Burna Boy Alone
985,6dNeacBmjKpZuDW56Cnvxk,Telenovela (feat. Reece Madlisa),Focalistic; Mellow & Sleazy; Enny Man Da Guitar; Reece Madlisa,Focalistic Mellow & Sleazy Enny Man Da Guitar Reece Madlisa Telenovela (feat. Reece Madlisa)
986,0SJCnl4d1Imajh0hm0AaN4,ASUNASA - HOLD YOUR WAIST,Oxlade; Wande Coal,Oxlade Wande Coal ASUNASA - HOLD YOUR WAIST
987,6tE5zuD7eC7cV2O1IyjRLX,Anchor Point,Ahmed Spins; Stevo Atambire,Ahmed Spins Stevo Atambire Anchor Point
988,4DBtobSUafnM8j3cMO8SYX,Disciple,Chop Daily; TORANN; Skondtrack,Chop Daily TORANN Skondtrack Disciple
989,4NzbGHVNyLIkZHEbMFiKkp,Live Life,Africaine,Africaine Live Life
990,14zDAubc9qkYJHBYThgzc8,Time Of My life,Phyno; ArrDee,Phyno ArrDee Time Of My life
991,1q8CfhGdlC1LdX7AaN4aqJ,Foko !,King Paluta,King Paluta Foko !
992,6pO6mg2XVv3IW7LyyMc5Sj,Zormizor (Asabone),DopeNation,DopeNation Zormizor (Asabone)
993,0nkYJ6N4EeDZy53ZFxsfLp,AFRO,Yandel; Square Houze,Yandel Square Houze AFRO
994,1z1ifwAff1IkrqxkbZzEe4,Acenda o farol - lofi,FaOut; Geezmo,FaOut Geezmo Acenda o farol - lofi
995,1w7cgGZR86yWz1pA2puVJD,HEATED,Beyoncé,Beyoncé HEATED
996,7C5AgWJJMRETWI3Pst6U8L,It's a Mystery,Monsoon,Monsoon It's a Mystery
997,1flcGZmkCESuJd5sAJpgek,Hero,Nelson Freitas,Nelson Freitas Hero
998,154GtlyXeS8mEwNytNJyI4,DORIME (feat. Ty Dolla $ign),CKay; Ty Dolla $ign,CKay Ty Dolla $ign DORIME (feat. Ty Dolla $ign)
999,2h9hLe163LZ4omrAnKR3tp,OMALICHA,Oxlade,Oxlade OMALICHA
1000,45Vvoe20MW6GD7FwoacZc8,How Many Times,DJ Big N; Ayra Starr; Oxlade,DJ Big N Ayra Starr Oxlade How Many Times
